Verbindung;from;to;connection;weight;source
Roland Hartwig;Ulrich Vosgerau;Gasthof Adlon Correctiv;2;https://correctiv.org/aktuelles/neue-rechte/2024/01/10/geheimplan-remigration-vertreibung-afd-rechtsextreme-november-treffen/
Roland Hartwig;Michaela Schneider;Gasthof Adlon Correctiv;2;https://correctiv.org/aktuelles/neue-rechte/2024/01/10/geheimplan-remigration-vertreibung-afd-rechtsextreme-november-treffen/
Roland Hartwig;Mathilda Huss;Gasthof Adlon Correctiv;2;https://correctiv.org/aktuelles/neue-rechte/2024/01/10/geheimplan-remigration-vertreibung-afd-rechtsextreme-november-treffen/
Roland Hartwig;Wilhelm Wilderink;Gasthof Adlon Correctiv;2;https://correctiv.org/aktuelles/neue-rechte/2024/01/10/geheimplan-remigration-vertreibung-afd-rechtsextreme-november-treffen/
Roland Hartwig;Mario Müller;Gasthof Adlon Correctiv;2;https://correctiv.org/aktuelles/neue-rechte/2024/01/10/geheimplan-remigration-vertreibung-afd-rechtsextreme-november-treffen/
Roland Hartwig;Astrid Mörig;Gasthof Adlon Correctiv;2;https://correctiv.org/aktuelles/neue-rechte/2024/01/10/geheimplan-remigration-vertreibung-afd-rechtsextreme-november-treffen/
Roland Hartwig;Arne Friedrich Mörig;Gasthof Adlon Correctiv;2;https://correctiv.org/aktuelles/neue-rechte/2024/01/10/geheimplan-remigration-vertreibung-afd-rechtsextreme-november-treffen/
Roland Hartwig;Ulrich Siegmund;Gasthof Adlon Correctiv;2;https://correctiv.org/aktuelles/neue-rechte/2024/01/10/geheimplan-remigration-vertreibung-afd-rechtsextreme-november-treffen/
Roland Hartwig;Gerrit Huy;Gasthof Adlon Correctiv;2;https://correctiv.org/aktuelles/neue-rechte/2024/01/10/geheimplan-remigration-vertreibung-afd-rechtsextreme-november-treffen/
Roland Hartwig;Gernot Mörig;Gasthof Adlon Correctiv;2;https://correctiv.org/aktuelles/neue-rechte/2024/01/10/geheimplan-remigration-vertreibung-afd-rechtsextreme-november-treffen/
Roland Hartwig;Tim Krause;Gasthof Adlon Correctiv;2;https://correctiv.org/aktuelles/neue-rechte/2024/01/10/geheimplan-remigration-vertreibung-afd-rechtsextreme-november-treffen/
Roland Hartwig;Martin Sellner;Gasthof Adlon Correctiv;2;https://correctiv.org/aktuelles/neue-rechte/2024/01/10/geheimplan-remigration-vertreibung-afd-rechtsextreme-november-treffen/
Roland Hartwig;Simone Baum;Gasthof Adlon Correctiv;2;https://correctiv.org/aktuelles/neue-rechte/2024/01/10/geheimplan-remigration-vertreibung-afd-rechtsextreme-november-treffen/
Martin Sellner;Michael Seibold;Wanderung der IB;3;
Martin Sellner;Ellen Kositza;Sommerfest auf der Terrasse;1;https://archive.is/20240125130452/https://www.spiegel.de/politik/deutschland/peter-kurth-geheimes-vernetzungstreffen-diese-rechtsextremen-waren-auf-der-party-des-ex-cdu-senators-a-392e71d3-fd60-42d6-9d62-a8a923dfae5c
Martin Sellner;Vincenzo Richter;Sommerfest auf der Terrasse;1;https://archive.is/20240125130452/https://www.spiegel.de/politik/deutschland/peter-kurth-geheimes-vernetzungstreffen-diese-rechtsextremen-waren-auf-der-party-des-ex-cdu-senators-a-392e71d3-fd60-42d6-9d62-a8a923dfae5c
Martin Sellner;Philip Stein;Sommerfest auf der Terrasse;1;https://archive.is/20240125130452/https://www.spiegel.de/politik/deutschland/peter-kurth-geheimes-vernetzungstreffen-diese-rechtsextremen-waren-auf-der-party-des-ex-cdu-senators-a-392e71d3-fd60-42d6-9d62-a8a923dfae5c
Martin Sellner;Dominik Kaufner;Sommerfest auf der Terrasse;1;https://archive.is/20240125130452/https://www.spiegel.de/politik/deutschland/peter-kurth-geheimes-vernetzungstreffen-diese-rechtsextremen-waren-auf-der-party-des-ex-cdu-senators-a-392e71d3-fd60-42d6-9d62-a8a923dfae5c
Martin Sellner;Jean-Pascal Hohm;Sommerfest auf der Terrasse;1;https://archive.is/20240125130452/https://www.spiegel.de/politik/deutschland/peter-kurth-geheimes-vernetzungstreffen-diese-rechtsextremen-waren-auf-der-party-des-ex-cdu-senators-a-392e71d3-fd60-42d6-9d62-a8a923dfae5c
Martin Sellner;Matthias Helferich;Sommerfest auf der Terrasse;1;https://archive.is/20240125130452/https://www.spiegel.de/politik/deutschland/peter-kurth-geheimes-vernetzungstreffen-diese-rechtsextremen-waren-auf-der-party-des-ex-cdu-senators-a-392e71d3-fd60-42d6-9d62-a8a923dfae5c
Martin Sellner;Marvin T. Neumann;Sommerfest auf der Terrasse;1;https://archive.is/20240125130452/https://www.spiegel.de/politik/deutschland/peter-kurth-geheimes-vernetzungstreffen-diese-rechtsextremen-waren-auf-der-party-des-ex-cdu-senators-a-392e71d3-fd60-42d6-9d62-a8a923dfae5c
Martin Sellner;Mary Khan-Hohloch;Sommerfest auf der Terrasse;1;https://archive.is/20240125130452/https://www.spiegel.de/politik/deutschland/peter-kurth-geheimes-vernetzungstreffen-diese-rechtsextremen-waren-auf-der-party-des-ex-cdu-senators-a-392e71d3-fd60-42d6-9d62-a8a923dfae5c
Martin Sellner;Torben Braga;Sommerfest auf der Terrasse;1;https://archive.is/20240125130452/https://www.spiegel.de/politik/deutschland/peter-kurth-geheimes-vernetzungstreffen-diese-rechtsextremen-waren-auf-der-party-des-ex-cdu-senators-a-392e71d3-fd60-42d6-9d62-a8a923dfae5c
Martin Sellner;Kristin Brinker;Sommerfest auf der Terrasse;1;https://archive.is/20240125130452/https://www.spiegel.de/politik/deutschland/peter-kurth-geheimes-vernetzungstreffen-diese-rechtsextremen-waren-auf-der-party-des-ex-cdu-senators-a-392e71d3-fd60-42d6-9d62-a8a923dfae5c
Martin Sellner;Benedikt Kaiser;Sommerfest auf der Terrasse;1;https://archive.is/20240125130452/https://www.spiegel.de/politik/deutschland/peter-kurth-geheimes-vernetzungstreffen-diese-rechtsextremen-waren-auf-der-party-des-ex-cdu-senators-a-392e71d3-fd60-42d6-9d62-a8a923dfae5c
Martin Sellner;Maximilian Krah;Sommerfest auf der Terrasse;1;https://archive.is/20240125130452/https://www.spiegel.de/politik/deutschland/peter-kurth-geheimes-vernetzungstreffen-diese-rechtsextremen-waren-auf-der-party-des-ex-cdu-senators-a-392e71d3-fd60-42d6-9d62-a8a923dfae5c
Martin Sellner;Götz Kubitschek;Sommerfest auf der Terrasse;1;https://archive.is/20240125130452/https://www.spiegel.de/politik/deutschland/peter-kurth-geheimes-vernetzungstreffen-diese-rechtsextremen-waren-auf-der-party-des-ex-cdu-senators-a-392e71d3-fd60-42d6-9d62-a8a923dfae5c
Martin Sellner;Ulrich Vosgerau;Gasthof Adlon Correctiv;2;https://correctiv.org/aktuelles/neue-rechte/2024/01/10/geheimplan-remigration-vertreibung-afd-rechtsextreme-november-treffen/
Martin Sellner;Michaela Schneider;Gasthof Adlon Correctiv;2;https://correctiv.org/aktuelles/neue-rechte/2024/01/10/geheimplan-remigration-vertreibung-afd-rechtsextreme-november-treffen/
Martin Sellner;Mathilda Huss;Gasthof Adlon Correctiv, Sommerfest auf der Terrasse;2;https://correctiv.org/aktuelles/neue-rechte/2024/01/10/geheimplan-remigration-vertreibung-afd-rechtsextreme-november-treffen/
Martin Sellner;Wilhelm Wilderink;Gasthof Adlon Correctiv;2;https://correctiv.org/aktuelles/neue-rechte/2024/01/10/geheimplan-remigration-vertreibung-afd-rechtsextreme-november-treffen/
Martin Sellner;Mario Müller;Gasthof Adlon Correctiv;2;https://correctiv.org/aktuelles/neue-rechte/2024/01/10/geheimplan-remigration-vertreibung-afd-rechtsextreme-november-treffen/
Martin Sellner;Simone Baum;Gasthof Adlon Correctiv;2;https://correctiv.org/aktuelles/neue-rechte/2024/01/10/geheimplan-remigration-vertreibung-afd-rechtsextreme-november-treffen/
Alice Weidel;Tino Chrupalla;AfD Bundestag;3;
Alice Weidel;Petr Bystron;AfD Bundestag;3;
Alice Weidel;Gerrit Huy;AfD Bundestag;3;
Alice Weidel;Roland Hartwig;AfD Bundestag;3;https://www.volksverpetzer.de/analyse/chronologie-afd-und-identitaeren/
Wilhelm Wilderink;Ulrich Vosgerau;Gasthof Adlon Correctiv;2;https://correctiv.org/aktuelles/neue-rechte/2024/01/10/geheimplan-remigration-vertreibung-afd-rechtsextreme-november-treffen/
Wilhelm Wilderink;Michaela Schneider;Gasthof Adlon Correctiv;2;https://correctiv.org/aktuelles/neue-rechte/2024/01/10/geheimplan-remigration-vertreibung-afd-rechtsextreme-november-treffen/
Wilhelm Wilderink;Simone Baum;Gasthof Adlon Correctiv;2;https://correctiv.org/aktuelles/neue-rechte/2024/01/10/geheimplan-remigration-vertreibung-afd-rechtsextreme-november-treffen/
Mathilda Huss;Ellen Kositza;Sommerfest auf der Terrasse;1;https://archive.is/20240125130452/https://www.spiegel.de/politik/deutschland/peter-kurth-geheimes-vernetzungstreffen-diese-rechtsextremen-waren-auf-der-party-des-ex-cdu-senators-a-392e71d3-fd60-42d6-9d62-a8a923dfae5c
Mathilda Huss;Vincenzo Richter;Sommerfest auf der Terrasse;1;https://archive.is/20240125130452/https://www.spiegel.de/politik/deutschland/peter-kurth-geheimes-vernetzungstreffen-diese-rechtsextremen-waren-auf-der-party-des-ex-cdu-senators-a-392e71d3-fd60-42d6-9d62-a8a923dfae5c
Mathilda Huss;Philip Stein;Sommerfest auf der Terrasse;1;https://archive.is/20240125130452/https://www.spiegel.de/politik/deutschland/peter-kurth-geheimes-vernetzungstreffen-diese-rechtsextremen-waren-auf-der-party-des-ex-cdu-senators-a-392e71d3-fd60-42d6-9d62-a8a923dfae5c
Mathilda Huss;Ulrich Vosgerau;Gasthof Adlon Correctiv;2;https://correctiv.org/aktuelles/neue-rechte/2024/01/10/geheimplan-remigration-vertreibung-afd-rechtsextreme-november-treffen/
Mathilda Huss;Michaela Schneider;Gasthof Adlon Correctiv;2;https://correctiv.org/aktuelles/neue-rechte/2024/01/10/geheimplan-remigration-vertreibung-afd-rechtsextreme-november-treffen/
Mathilda Huss;Simone Baum;Gasthof Adlon Correctiv;2;https://correctiv.org/aktuelles/neue-rechte/2024/01/10/geheimplan-remigration-vertreibung-afd-rechtsextreme-november-treffen/
Mathilda Huss;Maximilian Krah;Gasthof Adlon;3;https://www.tagesspiegel.de/potsdam/landeshauptstadt/rechts-ist-geil-trifft-rassenkunde-nahe-zwischen-potsdamer-adlon-chefin-und-afd-spitzenpolitiker-krah-11156662.html
Mathilda Huss;Wilhelm Wilderink;Gasthof Adlon Correctiv;4;https://correctiv.org/aktuelles/neue-rechte/2024/01/10/geheimplan-remigration-vertreibung-afd-rechtsextreme-november-treffen/
Hans-Georg Maaßen;David Bendels;Deutschland Kurier Frühlingsfest Gasthof Adlon;1;https://archive.is/20240219002848/https://www.zeit.de/politik/deutschland/2024-01/hans-georg-maassen-afd-treffen-werteunion-maximilian-krah/seite-2#selection-1997.324-1997.341
Hans-Georg Maaßen;Stefan Keuter;Deutschland Kurier Frühlingsfest Gasthof Adlon;1;https://archive.is/20240219002848/https://www.zeit.de/politik/deutschland/2024-01/hans-georg-maassen-afd-treffen-werteunion-maximilian-krah/seite-2#selection-1997.324-1997.341
Hans-Georg Maaßen;Martin Reichardt;Deutschland Kurier Frühlingsfest Gasthof Adlon;1;https://archive.is/20240219002848/https://www.zeit.de/politik/deutschland/2024-01/hans-georg-maassen-afd-treffen-werteunion-maximilian-krah/seite-2#selection-1997.324-1997.341
Hans-Georg Maaßen;Karsten Hilse;Deutschland Kurier Frühlingsfest Gasthof Adlon;1;https://archive.is/20240219002848/https://www.zeit.de/politik/deutschland/2024-01/hans-georg-maassen-afd-treffen-werteunion-maximilian-krah/seite-2#selection-1997.324-1997.341
Hans-Georg Maaßen;Tim Krause;Deutschland Kurier Frühlingsfest Gasthof Adlon;1;https://archive.is/20240219002848/https://www.zeit.de/politik/deutschland/2024-01/hans-georg-maassen-afd-treffen-werteunion-maximilian-krah/seite-2#selection-1997.221-1997.231
Hans-Georg Maaßen;Petr Bystron;Deutschland Kurier Frühlingsfest Gasthof Adlon;1;https://archive.is/20240219002848/https://www.zeit.de/politik/deutschland/2024-01/hans-georg-maassen-afd-treffen-werteunion-maximilian-krah/seite-2#selection-1997.221-1997.231
Hans-Georg Maaßen;Klaus Pede;Werteunion;3;https://archive.is/20240219002848/https://www.zeit.de/politik/deutschland/2024-01/hans-georg-maassen-afd-treffen-werteunion-maximilian-krah/seite-2#selection-2001.77-2001.145
Hans-Georg Maaßen;Maximilian Krah;Deutschland Kurier Frühlingsfest Gasthof Adlon;2;https://archive.is/20240219002848/https://www.zeit.de/politik/deutschland/2024-01/hans-georg-maassen-afd-treffen-werteunion-maximilian-krah/seite-2#selection-1797.66-1797.81
Hans-Georg Maaßen;Mathilda Huss;Deutschland Kurier Frühlingsfest Gasthof Adlon;2;https://archive.is/20240219002848/https://www.zeit.de/politik/deutschland/2024-01/hans-georg-maassen-afd-treffen-werteunion-maximilian-krah/seite-2
Hans-Georg Maaßen;Simone Baum;Werteunion;3;https://www.fr.de/politik/werteunion-attackiert-medien-afd-geheimplaene-hans-georg-maassen-92781254.html
Jeremy Fragrance;David Bendels;Annual Gala des New York Young Republican Club;1;https://assets.steadyhq.com/production/post/9bb42fbc-54e0-496f-afd3-b30a5b83f719/uploads/images/fsmndg57jf/fragrance.jpg?auto=compress&w=800&fit=max&dpr=2&fm=webp
Jeremy Fragrance;Mathilda Huss;Annual Gala des New York Young Republican Club;1;https://archive.is/20240205191537/https://www.tagesspiegel.de/potsdam/landeshauptstadt/rechts-ist-geil-trifft-rassenkunde-nahe-zwischen-potsdamer-adlon-chefin-und-afd-spitzenpolitiker-krah-11156662.html#selection-2337.35-2337.82
Jeremy Fragrance;Maximilian Krah;Annual Gala des New York Young Republican Club;1;https://archive.is/20240205191537/https://www.tagesspiegel.de/potsdam/landeshauptstadt/rechts-ist-geil-trifft-rassenkunde-nahe-zwischen-potsdamer-adlon-chefin-und-afd-spitzenpolitiker-krah-11156662.html#selection-2337.35-2337.82
Matthias Helferich;Ellen Kositza;Sommerfest auf der Terrasse;1;https://archive.is/20240125130452/https://www.spiegel.de/politik/deutschland/peter-kurth-geheimes-vernetzungstreffen-diese-rechtsextremen-waren-auf-der-party-des-ex-cdu-senators-a-392e71d3-fd60-42d6-9d62-a8a923dfae5c
Matthias Helferich;Vincenzo Richter;Sommerfest auf der Terrasse;1;https://archive.is/20240125130452/https://www.spiegel.de/politik/deutschland/peter-kurth-geheimes-vernetzungstreffen-diese-rechtsextremen-waren-auf-der-party-des-ex-cdu-senators-a-392e71d3-fd60-42d6-9d62-a8a923dfae5c
Matthias Helferich;Philip Stein;Sommerfest auf der Terrasse;1;https://archive.is/20240125130452/https://www.spiegel.de/politik/deutschland/peter-kurth-geheimes-vernetzungstreffen-diese-rechtsextremen-waren-auf-der-party-des-ex-cdu-senators-a-392e71d3-fd60-42d6-9d62-a8a923dfae5c
Matthias Helferich;Mathilda Huss;Sommerfest auf der Terrasse;1;https://archive.is/20240125130452/https://www.spiegel.de/politik/deutschland/peter-kurth-geheimes-vernetzungstreffen-diese-rechtsextremen-waren-auf-der-party-des-ex-cdu-senators-a-392e71d3-fd60-42d6-9d62-a8a923dfae5c
Matthias Helferich;Dominik Kaufner;Sommerfest auf der Terrasse;1;https://archive.is/20240125130452/https://www.spiegel.de/politik/deutschland/peter-kurth-geheimes-vernetzungstreffen-diese-rechtsextremen-waren-auf-der-party-des-ex-cdu-senators-a-392e71d3-fd60-42d6-9d62-a8a923dfae5c
Matthias Helferich;Jean-Pascal Hohm;Sommerfest auf der Terrasse;1;https://archive.is/20240125130452/https://www.spiegel.de/politik/deutschland/peter-kurth-geheimes-vernetzungstreffen-diese-rechtsextremen-waren-auf-der-party-des-ex-cdu-senators-a-392e71d3-fd60-42d6-9d62-a8a923dfae5c
Matthias Helferich;Dominik Asch;Treffen der AfD Jugend BW und der IB im Landtag;2;https://www.zvw.de/baden-w%C3%BCrttemberg/rechtsextremisten-im-landtag-identit%C3%A4ren-kader-bei-termin-mit-afd-fraktionschef_arid-658726
Matthias Helferich;Anton Baron;Treffen der AfD Jugend BW und der IB im Landtag;2;https://www.zvw.de/baden-w%C3%BCrttemberg/rechtsextremisten-im-landtag-identit%C3%A4ren-kader-bei-termin-mit-afd-fraktionschef_arid-658726
Matthias Helferich;Steffen Degler;Treffen der AfD Jugend BW und der IB im Landtag;2;https://www.zvw.de/baden-w%C3%BCrttemberg/rechtsextremisten-im-landtag-identit%C3%A4ren-kader-bei-termin-mit-afd-fraktionschef_arid-658726
Matthias Helferich;Nils Hartwig;Treffen Wahlkriesbüro Helferich Januar 2024;3;https://www.volksverpetzer.de/analyse/chronologie-afd-und-identitaeren/
Matthias Helferich;Götz Kubitschek;Treffen Wahlkriesbüro Helferich Januar 2024;3;https://www.volksverpetzer.de/analyse/chronologie-afd-und-identitaeren/
Matthias Helferich;Björn Höcke;Treffen Wahlkriesbüro Helferich Januar 2024;3;https://www.volksverpetzer.de/analyse/chronologie-afd-und-identitaeren/
Björn Höcke;Manuel Wurm;AfD Hessen;1;https://www.antifa-frankfurt.org/2023/07/05/neuer-ja-hessen-vorstand-gewaehlt/
Björn Höcke;Torben Braga;AfD Thüringen;3;https://archive.is/20240125130452/https://www.spiegel.de/politik/deutschland/peter-kurth-geheimes-vernetzungstreffen-diese-rechtsextremen-waren-auf-der-party-des-ex-cdu-senators-a-392e71d3-fd60-42d6-9d62-a8a923dfae5c
Björn Höcke;Alice Weidel;AfD Partei;3;
Björn Höcke;Nils Hartwig;Treffen Wahlkriesbüro Helferich Januar 2024;3;https://www.volksverpetzer.de/analyse/chronologie-afd-und-identitaeren/
Björn Höcke;Götz Kubitschek;Treffen Wahlkriesbüro Helferich Januar 2024;3;https://www.volksverpetzer.de/analyse/chronologie-afd-und-identitaeren/
Nils Hartwig;Götz Kubitschek;Treffen Wahlkriesbüro Helferich Januar 2024;3;https://www.volksverpetzer.de/analyse/chronologie-afd-und-identitaeren/
Götz Kubitschek;Vincenzo Richter;Sommerfest auf der Terrasse;1;https://archive.is/20240125130452/https://www.spiegel.de/politik/deutschland/peter-kurth-geheimes-vernetzungstreffen-diese-rechtsextremen-waren-auf-der-party-des-ex-cdu-senators-a-392e71d3-fd60-42d6-9d62-a8a923dfae5c
Götz Kubitschek;Philip Stein;Sommerfest auf der Terrasse;1;https://archive.is/20240125130452/https://www.spiegel.de/politik/deutschland/peter-kurth-geheimes-vernetzungstreffen-diese-rechtsextremen-waren-auf-der-party-des-ex-cdu-senators-a-392e71d3-fd60-42d6-9d62-a8a923dfae5c
Götz Kubitschek;Mathilda Huss;Sommerfest auf der Terrasse;1;https://archive.is/20240125130452/https://www.spiegel.de/politik/deutschland/peter-kurth-geheimes-vernetzungstreffen-diese-rechtsextremen-waren-auf-der-party-des-ex-cdu-senators-a-392e71d3-fd60-42d6-9d62-a8a923dfae5c
Götz Kubitschek;Dominik Kaufner;Sommerfest auf der Terrasse;1;https://archive.is/20240125130452/https://www.spiegel.de/politik/deutschland/peter-kurth-geheimes-vernetzungstreffen-diese-rechtsextremen-waren-auf-der-party-des-ex-cdu-senators-a-392e71d3-fd60-42d6-9d62-a8a923dfae5c
Götz Kubitschek;Jean-Pascal Hohm;Sommerfest auf der Terrasse;1;https://archive.is/20240125130452/https://www.spiegel.de/politik/deutschland/peter-kurth-geheimes-vernetzungstreffen-diese-rechtsextremen-waren-auf-der-party-des-ex-cdu-senators-a-392e71d3-fd60-42d6-9d62-a8a923dfae5c
Götz Kubitschek;Matthias Helferich;Sommerfest auf der Terrasse;1;https://archive.is/20240125130452/https://www.spiegel.de/politik/deutschland/peter-kurth-geheimes-vernetzungstreffen-diese-rechtsextremen-waren-auf-der-party-des-ex-cdu-senators-a-392e71d3-fd60-42d6-9d62-a8a923dfae5c
Götz Kubitschek;Marvin T. Neumann;Sommerfest auf der Terrasse;1;https://archive.is/20240125130452/https://www.spiegel.de/politik/deutschland/peter-kurth-geheimes-vernetzungstreffen-diese-rechtsextremen-waren-auf-der-party-des-ex-cdu-senators-a-392e71d3-fd60-42d6-9d62-a8a923dfae5c
Götz Kubitschek;Mary Khan-Hohloch;Sommerfest auf der Terrasse;1;https://archive.is/20240125130452/https://www.spiegel.de/politik/deutschland/peter-kurth-geheimes-vernetzungstreffen-diese-rechtsextremen-waren-auf-der-party-des-ex-cdu-senators-a-392e71d3-fd60-42d6-9d62-a8a923dfae5c
Götz Kubitschek;Torben Braga;Sommerfest auf der Terrasse;1;https://archive.is/20240125130452/https://www.spiegel.de/politik/deutschland/peter-kurth-geheimes-vernetzungstreffen-diese-rechtsextremen-waren-auf-der-party-des-ex-cdu-senators-a-392e71d3-fd60-42d6-9d62-a8a923dfae5c
Götz Kubitschek;Kristin Brinker;Sommerfest auf der Terrasse;1;https://archive.is/20240125130452/https://www.spiegel.de/politik/deutschland/peter-kurth-geheimes-vernetzungstreffen-diese-rechtsextremen-waren-auf-der-party-des-ex-cdu-senators-a-392e71d3-fd60-42d6-9d62-a8a923dfae5c
Götz Kubitschek;Benedikt Kaiser;Sommerfest auf der Terrasse;1;https://archive.is/20240125130452/https://www.spiegel.de/politik/deutschland/peter-kurth-geheimes-vernetzungstreffen-diese-rechtsextremen-waren-auf-der-party-des-ex-cdu-senators-a-392e71d3-fd60-42d6-9d62-a8a923dfae5c
Götz Kubitschek;Maximilian Krah;Sommerfest auf der Terrasse;1;https://archive.is/20240125130452/https://www.spiegel.de/politik/deutschland/peter-kurth-geheimes-vernetzungstreffen-diese-rechtsextremen-waren-auf-der-party-des-ex-cdu-senators-a-392e71d3-fd60-42d6-9d62-a8a923dfae5c
Götz Kubitschek;Ellen Kositza;Verheiratet;4;
Götz Kubitschek;Jürgen Elsässer;Kooperationspartner;3;https://de.wikipedia.org/wiki/J%C3%BCrgen_Els%C3%A4sser
Oliver Flesch;Maximilian Krah;Deutschland Kurier Frühlingsfest Gasthof Adlon;1;https://archive.is/20240219002848/https://www.zeit.de/politik/deutschland/2024-01/hans-georg-maassen-afd-treffen-werteunion-maximilian-krah/seite-2
Oliver Flesch;David Bendels;Deutschland Kurier Frühlingsfest Gasthof Adlon;1;https://archive.is/20240219002848/https://www.zeit.de/politik/deutschland/2024-01/hans-georg-maassen-afd-treffen-werteunion-maximilian-krah/seite-2#selection-1997.324-1997.341
Oliver Flesch;Martin Reichardt;Deutschland Kurier Frühlingsfest Gasthof Adlon;1;https://archive.is/20240219002848/https://www.zeit.de/politik/deutschland/2024-01/hans-georg-maassen-afd-treffen-werteunion-maximilian-krah/seite-2#selection-1997.324-1997.341
Oliver Flesch;Karsten Hilse;Deutschland Kurier Frühlingsfest Gasthof Adlon;1;https://archive.is/20240219002848/https://www.zeit.de/politik/deutschland/2024-01/hans-georg-maassen-afd-treffen-werteunion-maximilian-krah/seite-2#selection-1997.324-1997.341
Oliver Flesch;Petr Bystron;Deutschland Kurier Frühlingsfest Gasthof Adlon;1;https://archive.is/20240219002848/https://www.zeit.de/politik/deutschland/2024-01/hans-georg-maassen-afd-treffen-werteunion-maximilian-krah/seite-2#selection-1997.324-1997.341
Oliver Flesch;Tim Krause;Deutschland Kurier Frühlingsfest Gasthof Adlon;1;https://archive.is/20240219002848/https://www.zeit.de/politik/deutschland/2024-01/hans-georg-maassen-afd-treffen-werteunion-maximilian-krah/seite-2#selection-1997.324-1997.341
Oliver Flesch;Hans-Georg Maaßen;Deutschland Kurier Frühlingsfest Gasthof Adlon;1;https://archive.is/20240219002848/https://www.zeit.de/politik/deutschland/2024-01/hans-georg-maassen-afd-treffen-werteunion-maximilian-krah/seite-2
Petr Bystron;Tino Chrupalla;AfD Bundestag;3;
Petr Bystron;Maximilian Krah;Deutschland Kurier Frühlingsfest Gasthof Adlon;1;https://archive.is/20240219002848/https://www.zeit.de/politik/deutschland/2024-01/hans-georg-maassen-afd-treffen-werteunion-maximilian-krah/seite-2
Petr Bystron;Stefan Keuter;AfD Bundestag;2;https://archive.is/20240219002848/https://www.zeit.de/politik/deutschland/2024-01/hans-georg-maassen-afd-treffen-werteunion-maximilian-krah/seite-2#selection-1997.324-1997.341
Petr Bystron;Martin Reichardt;AfD Bundestag;2;https://archive.is/20240219002848/https://www.zeit.de/politik/deutschland/2024-01/hans-georg-maassen-afd-treffen-werteunion-maximilian-krah/seite-2#selection-1997.324-1997.341
Petr Bystron;Karsten Hilse;AfD Bundestag;2;https://archive.is/20240219002848/https://www.zeit.de/politik/deutschland/2024-01/hans-georg-maassen-afd-treffen-werteunion-maximilian-krah/seite-2#selection-1997.324-1997.341
Petr Bystron;Tim Krause;Deutschland Kurier Frühlingsfest Gasthof Adlon;2;https://archive.is/20240219002848/https://www.zeit.de/politik/deutschland/2024-01/hans-georg-maassen-afd-treffen-werteunion-maximilian-krah/seite-2#selection-1997.324-1997.341
David Bendels;Mathilda Huss;Deutschland Kurier Frühlingsfest Gasthof Adlon;1;https://archive.is/20240219002848/https://www.zeit.de/politik/deutschland/2024-01/hans-georg-maassen-afd-treffen-werteunion-maximilian-krah/seite-2
David Bendels;Maximilian Krah;Deutschland Kurier Frühlingsfest Gasthof Adlon;1;https://archive.is/20240219002848/https://www.zeit.de/politik/deutschland/2024-01/hans-georg-maassen-afd-treffen-werteunion-maximilian-krah/seite-2
David Bendels;Stefan Keuter;Deutschland Kurier Frühlingsfest Gasthof Adlon;1;https://archive.is/20240219002848/https://www.zeit.de/politik/deutschland/2024-01/hans-georg-maassen-afd-treffen-werteunion-maximilian-krah/seite-2
David Bendels;Petr Bystron;Deutschland Kurier Frühlingsfest Gasthof Adlon;1;https://archive.is/20240219002848/https://www.zeit.de/politik/deutschland/2024-01/hans-georg-maassen-afd-treffen-werteunion-maximilian-krah/seite-2
David Bendels;Karsten Hilse;Deutschland Kurier Frühlingsfest Gasthof Adlon;1;https://archive.is/20240219002848/https://www.zeit.de/politik/deutschland/2024-01/hans-georg-maassen-afd-treffen-werteunion-maximilian-krah/seite-2
David Bendels;Martin Reichardt;Deutschland Kurier Frühlingsfest Gasthof Adlon;1;https://archive.is/20240219002848/https://www.zeit.de/politik/deutschland/2024-01/hans-georg-maassen-afd-treffen-werteunion-maximilian-krah/seite-2
David Bendels;Tim Krause;Deutschland Kurier Frühlingsfest Gasthof Adlon;1;https://archive.is/20240219002848/https://www.zeit.de/politik/deutschland/2024-01/hans-georg-maassen-afd-treffen-werteunion-maximilian-krah/seite-2
Karsten Hilse;Maximilian Krah;Deutschland Kurier Frühlingsfest Gasthof Adlon;1;https://archive.is/20240219002848/https://www.zeit.de/politik/deutschland/2024-01/hans-georg-maassen-afd-treffen-werteunion-maximilian-krah/seite-2
Stefan Keuter;Maximilian Krah;Deutschland Kurier Frühlingsfest Gasthof Adlon;1;https://archive.is/20240219002848/https://www.zeit.de/politik/deutschland/2024-01/hans-georg-maassen-afd-treffen-werteunion-maximilian-krah/seite-2
Klaus Pede;Mathilda Huss;Deutschland Kurier Frühlingsfest Gasthof Adlon;1;https://archive.is/20240219002848/https://www.zeit.de/politik/deutschland/2024-01/hans-georg-maassen-afd-treffen-werteunion-maximilian-krah/seite-2
Klaus Pede;Maximilian Krah;Deutschland Kurier Frühlingsfest Gasthof Adlon;1;https://archive.is/20240219002848/https://www.zeit.de/politik/deutschland/2024-01/hans-georg-maassen-afd-treffen-werteunion-maximilian-krah/seite-2
Klaus Pede;Petr Bystron;Deutschland Kurier Frühlingsfest Gasthof Adlon;1;https://archive.is/20240219002848/https://www.zeit.de/politik/deutschland/2024-01/hans-georg-maassen-afd-treffen-werteunion-maximilian-krah/seite-2
Klaus Pede;Tim Krause;Deutschland Kurier Frühlingsfest Gasthof Adlon;1;https://archive.is/20240219002848/https://www.zeit.de/politik/deutschland/2024-01/hans-georg-maassen-afd-treffen-werteunion-maximilian-krah/seite-2
Klaus Pede;Karsten Hilse;Deutschland Kurier Frühlingsfest Gasthof Adlon;1;https://archive.is/20240219002848/https://www.zeit.de/politik/deutschland/2024-01/hans-georg-maassen-afd-treffen-werteunion-maximilian-krah/seite-2
Klaus Pede;Martin Reichardt;Deutschland Kurier Frühlingsfest Gasthof Adlon;1;https://archive.is/20240219002848/https://www.zeit.de/politik/deutschland/2024-01/hans-georg-maassen-afd-treffen-werteunion-maximilian-krah/seite-2
Klaus Pede;Stefan Keuter;Deutschland Kurier Frühlingsfest Gasthof Adlon;1;https://archive.is/20240219002848/https://www.zeit.de/politik/deutschland/2024-01/hans-georg-maassen-afd-treffen-werteunion-maximilian-krah/seite-2
Klaus Pede;David Bendels;Deutschland Kurier Frühlingsfest Gasthof Adlon;1;https://archive.is/20240219002848/https://www.zeit.de/politik/deutschland/2024-01/hans-georg-maassen-afd-treffen-werteunion-maximilian-krah/seite-2
Astrid Mörig;Svenja Mörig;Mörig-Clan;4;https://archive.is/20240125083651/https://www.faz.net/aktuell/politik/inland/geheimtreffen-initiator-moerig-wie-wagenknechts-bekannter-jahrelang-taeuschte-19464352.html#selection-4967.232-4967.278
Astrid Mörig;Ulrich Vosgerau;Gasthof Adlon Correctiv;2;https://correctiv.org/aktuelles/neue-rechte/2024/01/10/geheimplan-remigration-vertreibung-afd-rechtsextreme-november-treffen/
Astrid Mörig;Michaela Schneider;Gasthof Adlon Correctiv;2;https://correctiv.org/aktuelles/neue-rechte/2024/01/10/geheimplan-remigration-vertreibung-afd-rechtsextreme-november-treffen/
Astrid Mörig;Simone Baum;Gasthof Adlon Correctiv;2;https://correctiv.org/aktuelles/neue-rechte/2024/01/10/geheimplan-remigration-vertreibung-afd-rechtsextreme-november-treffen/
Astrid Mörig;Mathilda Huss;Gasthof Adlon Correctiv;2;https://correctiv.org/aktuelles/neue-rechte/2024/01/10/geheimplan-remigration-vertreibung-afd-rechtsextreme-november-treffen/
Astrid Mörig;Wilhelm Wilderink;Gasthof Adlon Correctiv;2;https://correctiv.org/aktuelles/neue-rechte/2024/01/10/geheimplan-remigration-vertreibung-afd-rechtsextreme-november-treffen/
Astrid Mörig;Mario Müller;Gasthof Adlon Correctiv;2;https://correctiv.org/aktuelles/neue-rechte/2024/01/10/geheimplan-remigration-vertreibung-afd-rechtsextreme-november-treffen/
Astrid Mörig;Martin Sellner;Gasthof Adlon Correctiv;2;https://correctiv.org/aktuelles/neue-rechte/2024/01/10/geheimplan-remigration-vertreibung-afd-rechtsextreme-november-treffen/
Arne Friedrich Mörig;Svenja Mörig;Mörig-Clan;4;https://archive.is/20240125083651/https://www.faz.net/aktuell/politik/inland/geheimtreffen-initiator-moerig-wie-wagenknechts-bekannter-jahrelang-taeuschte-19464352.html#selection-4967.232-4967.278
Arne Friedrich Mörig;Ulrich Vosgerau;Gasthof Adlon Correctiv;2;https://correctiv.org/aktuelles/neue-rechte/2024/01/10/geheimplan-remigration-vertreibung-afd-rechtsextreme-november-treffen/
Arne Friedrich Mörig;Michaela Schneider;Gasthof Adlon Correctiv;2;https://correctiv.org/aktuelles/neue-rechte/2024/01/10/geheimplan-remigration-vertreibung-afd-rechtsextreme-november-treffen/
Arne Friedrich Mörig;Simone Baum;Gasthof Adlon Correctiv;2;https://correctiv.org/aktuelles/neue-rechte/2024/01/10/geheimplan-remigration-vertreibung-afd-rechtsextreme-november-treffen/
Arne Friedrich Mörig;Mathilda Huss;Gasthof Adlon Correctiv;2;https://correctiv.org/aktuelles/neue-rechte/2024/01/10/geheimplan-remigration-vertreibung-afd-rechtsextreme-november-treffen/
Arne Friedrich Mörig;Wilhelm Wilderink;Gasthof Adlon Correctiv;2;https://correctiv.org/aktuelles/neue-rechte/2024/01/10/geheimplan-remigration-vertreibung-afd-rechtsextreme-november-treffen/
Arne Friedrich Mörig;Mario Müller;Gasthof Adlon Correctiv;2;https://correctiv.org/aktuelles/neue-rechte/2024/01/10/geheimplan-remigration-vertreibung-afd-rechtsextreme-november-treffen/
Arne Friedrich Mörig;Martin Sellner;Gasthof Adlon Correctiv;2;https://correctiv.org/aktuelles/neue-rechte/2024/01/10/geheimplan-remigration-vertreibung-afd-rechtsextreme-november-treffen/
Arne Friedrich Mörig;Astrid Mörig;Mörig-Clan;4;https://correctiv.org/aktuelles/neue-rechte/2024/01/10/geheimplan-remigration-vertreibung-afd-rechtsextreme-november-treffen/
Gernot Mörig;Svenja Mörig;Mörig-Clan;4;https://archive.is/20240125083651/https://www.faz.net/aktuell/politik/inland/geheimtreffen-initiator-moerig-wie-wagenknechts-bekannter-jahrelang-taeuschte-19464352.html#selection-4967.232-4967.278
Gernot Mörig;Wiebke Mörig;Mörig-Clan;4;https://archive.is/20240125083651/https://www.faz.net/aktuell/politik/inland/geheimtreffen-initiator-moerig-wie-wagenknechts-bekannter-jahrelang-taeuschte-19464352.html#selection-4967.232-4967.278
Gernot Mörig;Inka Mörig;Mörig-Clan;4;https://archive.is/20240125083651/https://www.faz.net/aktuell/politik/inland/geheimtreffen-initiator-moerig-wie-wagenknechts-bekannter-jahrelang-taeuschte-19464352.html#selection-4967.232-4967.278
Gernot Mörig;Max Otte;Düsseldofer Runden;2;
Gernot Mörig;Tino Chrupalla;5. Düsseldorfer Runde;1;https://archive.is/20240125083651/https://www.faz.net/aktuell/politik/inland/geheimtreffen-initiator-moerig-wie-wagenknechts-bekannter-jahrelang-taeuschte-19464352.html#selection-4529.346-4529.351
Gernot Mörig;Volker Pispers;Pispers Wagenknecht Abendessen, Zahnarztpatient;2;https://www.faz.net/aktuell/politik/inland/volker-pispers-habe-moerig-und-wagenknecht-getroffen-19461186.html
Gernot Mörig;Sarah Wagenknecht;Pispers Wagenknecht Abendessen;1;https://www.faz.net/aktuell/politik/inland/volker-pispers-habe-moerig-und-wagenknecht-getroffen-19461186.html
Gernot Mörig;Ulrich Vosgerau;Gasthof Adlon Correctiv;2;https://correctiv.org/aktuelles/neue-rechte/2024/01/10/geheimplan-remigration-vertreibung-afd-rechtsextreme-november-treffen/
Gernot Mörig;Michaela Schneider;Gasthof Adlon Correctiv;2;https://correctiv.org/aktuelles/neue-rechte/2024/01/10/geheimplan-remigration-vertreibung-afd-rechtsextreme-november-treffen/
Gernot Mörig;Simone Baum;Gasthof Adlon Correctiv;2;https://correctiv.org/aktuelles/neue-rechte/2024/01/10/geheimplan-remigration-vertreibung-afd-rechtsextreme-november-treffen/
Gernot Mörig;Mathilda Huss;Gasthof Adlon Correctiv;2;https://correctiv.org/aktuelles/neue-rechte/2024/01/10/geheimplan-remigration-vertreibung-afd-rechtsextreme-november-treffen/
Gernot Mörig;Wilhelm Wilderink;Gasthof Adlon Correctiv;2;https://correctiv.org/aktuelles/neue-rechte/2024/01/10/geheimplan-remigration-vertreibung-afd-rechtsextreme-november-treffen/
Gernot Mörig;Mario Müller;Gasthof Adlon Correctiv;2;https://correctiv.org/aktuelles/neue-rechte/2024/01/10/geheimplan-remigration-vertreibung-afd-rechtsextreme-november-treffen/
Gernot Mörig;Martin Sellner;Gasthof Adlon Correctiv;2;https://correctiv.org/aktuelles/neue-rechte/2024/01/10/geheimplan-remigration-vertreibung-afd-rechtsextreme-november-treffen/
Gernot Mörig;Astrid Mörig;Mörig-Clan;4;https://correctiv.org/aktuelles/neue-rechte/2024/01/10/geheimplan-remigration-vertreibung-afd-rechtsextreme-november-treffen/
Gernot Mörig;Arne Friedrich Mörig;Mörig-Clan;4;https://correctiv.org/aktuelles/neue-rechte/2024/01/10/geheimplan-remigration-vertreibung-afd-rechtsextreme-november-treffen/
Silke Schröder;Henning Pless;Gasthof Adlon Correctiv;2;https://correctiv.org/aktuelles/neue-rechte/2024/01/10/geheimplan-remigration-vertreibung-afd-rechtsextreme-november-treffen/
Silke Schröder;Ulrich Vosgerau;Gasthof Adlon Correctiv;2;https://correctiv.org/aktuelles/neue-rechte/2024/01/10/geheimplan-remigration-vertreibung-afd-rechtsextreme-november-treffen/
Silke Schröder;Michaela Schneider;Gasthof Adlon Correctiv;2;https://correctiv.org/aktuelles/neue-rechte/2024/01/10/geheimplan-remigration-vertreibung-afd-rechtsextreme-november-treffen/
Silke Schröder;Simone Baum;Gasthof Adlon Correctiv;2;https://correctiv.org/aktuelles/neue-rechte/2024/01/10/geheimplan-remigration-vertreibung-afd-rechtsextreme-november-treffen/
Silke Schröder;Mathilda Huss;Gasthof Adlon Correctiv;2;https://correctiv.org/aktuelles/neue-rechte/2024/01/10/geheimplan-remigration-vertreibung-afd-rechtsextreme-november-treffen/
Silke Schröder;Wilhelm Wilderink;Gasthof Adlon Correctiv;2;https://correctiv.org/aktuelles/neue-rechte/2024/01/10/geheimplan-remigration-vertreibung-afd-rechtsextreme-november-treffen/
Silke Schröder;Mario Müller;Gasthof Adlon Correctiv;2;https://correctiv.org/aktuelles/neue-rechte/2024/01/10/geheimplan-remigration-vertreibung-afd-rechtsextreme-november-treffen/
Silke Schröder;Martin Sellner;Gasthof Adlon Correctiv;2;https://correctiv.org/aktuelles/neue-rechte/2024/01/10/geheimplan-remigration-vertreibung-afd-rechtsextreme-november-treffen/
Silke Schröder;Astrid Mörig;Gasthof Adlon Correctiv;2;https://correctiv.org/aktuelles/neue-rechte/2024/01/10/geheimplan-remigration-vertreibung-afd-rechtsextreme-november-treffen/
Silke Schröder;Arne Friedrich Mörig;Gasthof Adlon Correctiv;2;https://correctiv.org/aktuelles/neue-rechte/2024/01/10/geheimplan-remigration-vertreibung-afd-rechtsextreme-november-treffen/
Silke Schröder;Gernot Mörig;Gasthof Adlon Correctiv;2;https://correctiv.org/aktuelles/neue-rechte/2024/01/10/geheimplan-remigration-vertreibung-afd-rechtsextreme-november-treffen/
Silke Schröder;Tim Krause;Gasthof Adlon Correctiv;2;https://correctiv.org/aktuelles/neue-rechte/2024/01/10/geheimplan-remigration-vertreibung-afd-rechtsextreme-november-treffen/
Silke Schröder;Ulrich Siegmund;Gasthof Adlon Correctiv;2;https://correctiv.org/aktuelles/neue-rechte/2024/01/10/geheimplan-remigration-vertreibung-afd-rechtsextreme-november-treffen/
Silke Schröder;Gerrit Huy;Gasthof Adlon Correctiv;2;https://correctiv.org/aktuelles/neue-rechte/2024/01/10/geheimplan-remigration-vertreibung-afd-rechtsextreme-november-treffen/
Silke Schröder;Roland Hartwig;Gasthof Adlon Correctiv;2;https://correctiv.org/aktuelles/neue-rechte/2024/01/10/geheimplan-remigration-vertreibung-afd-rechtsextreme-november-treffen/
Henning Pless;Ulrich Vosgerau;Gasthof Adlon Correctiv;2;https://correctiv.org/aktuelles/neue-rechte/2024/01/10/geheimplan-remigration-vertreibung-afd-rechtsextreme-november-treffen/
Henning Pless;Michaela Schneider;Gasthof Adlon Correctiv;2;https://correctiv.org/aktuelles/neue-rechte/2024/01/10/geheimplan-remigration-vertreibung-afd-rechtsextreme-november-treffen/
Henning Pless;Simone Baum;Gasthof Adlon Correctiv;2;https://correctiv.org/aktuelles/neue-rechte/2024/01/10/geheimplan-remigration-vertreibung-afd-rechtsextreme-november-treffen/
Henning Pless;Mathilda Huss;Gasthof Adlon Correctiv;2;https://correctiv.org/aktuelles/neue-rechte/2024/01/10/geheimplan-remigration-vertreibung-afd-rechtsextreme-november-treffen/
Henning Pless;Wilhelm Wilderink;Gasthof Adlon Correctiv;2;https://correctiv.org/aktuelles/neue-rechte/2024/01/10/geheimplan-remigration-vertreibung-afd-rechtsextreme-november-treffen/
Henning Pless;Mario Müller;Gasthof Adlon Correctiv;2;https://correctiv.org/aktuelles/neue-rechte/2024/01/10/geheimplan-remigration-vertreibung-afd-rechtsextreme-november-treffen/
Henning Pless;Martin Sellner;Gasthof Adlon Correctiv;2;https://correctiv.org/aktuelles/neue-rechte/2024/01/10/geheimplan-remigration-vertreibung-afd-rechtsextreme-november-treffen/
Henning Pless;Astrid Mörig;Gasthof Adlon Correctiv;2;https://correctiv.org/aktuelles/neue-rechte/2024/01/10/geheimplan-remigration-vertreibung-afd-rechtsextreme-november-treffen/
Henning Pless;Arne Friedrich Mörig;Gasthof Adlon Correctiv;2;https://correctiv.org/aktuelles/neue-rechte/2024/01/10/geheimplan-remigration-vertreibung-afd-rechtsextreme-november-treffen/
Henning Pless;Gernot Mörig;Gasthof Adlon Correctiv;2;https://correctiv.org/aktuelles/neue-rechte/2024/01/10/geheimplan-remigration-vertreibung-afd-rechtsextreme-november-treffen/
Henning Pless;Tim Krause;Gasthof Adlon Correctiv;2;https://correctiv.org/aktuelles/neue-rechte/2024/01/10/geheimplan-remigration-vertreibung-afd-rechtsextreme-november-treffen/
Henning Pless;Ulrich Siegmund;Gasthof Adlon Correctiv;2;https://correctiv.org/aktuelles/neue-rechte/2024/01/10/geheimplan-remigration-vertreibung-afd-rechtsextreme-november-treffen/
Henning Pless;Gerrit Huy;Gasthof Adlon Correctiv;2;https://correctiv.org/aktuelles/neue-rechte/2024/01/10/geheimplan-remigration-vertreibung-afd-rechtsextreme-november-treffen/
Henning Pless;Roland Hartwig;Gasthof Adlon Correctiv;2;https://correctiv.org/aktuelles/neue-rechte/2024/01/10/geheimplan-remigration-vertreibung-afd-rechtsextreme-november-treffen/
Gerrit Huy;Wilhelm Wilderink;Gasthof Adlon Correctiv;2;https://correctiv.org/aktuelles/neue-rechte/2024/01/10/geheimplan-remigration-vertreibung-afd-rechtsextreme-november-treffen/
Gerrit Huy;Mario Müller;Gasthof Adlon Correctiv;2;https://correctiv.org/aktuelles/neue-rechte/2024/01/10/geheimplan-remigration-vertreibung-afd-rechtsextreme-november-treffen/
Gerrit Huy;Martin Sellner;Gasthof Adlon Correctiv;2;https://correctiv.org/aktuelles/neue-rechte/2024/01/10/geheimplan-remigration-vertreibung-afd-rechtsextreme-november-treffen/
Gerrit Huy;Mathilda Huss;Gasthof Adlon Correctiv;2;https://correctiv.org/aktuelles/neue-rechte/2024/01/10/geheimplan-remigration-vertreibung-afd-rechtsextreme-november-treffen/
Gerrit Huy;Ulrich Vosgerau;Gasthof Adlon Correctiv;2;https://correctiv.org/aktuelles/neue-rechte/2024/01/10/geheimplan-remigration-vertreibung-afd-rechtsextreme-november-treffen/
Gerrit Huy;Michaela Schneider;Gasthof Adlon Correctiv;2;https://correctiv.org/aktuelles/neue-rechte/2024/01/10/geheimplan-remigration-vertreibung-afd-rechtsextreme-november-treffen/
Gerrit Huy;Simone Baum;Gasthof Adlon Correctiv;2;https://correctiv.org/aktuelles/neue-rechte/2024/01/10/geheimplan-remigration-vertreibung-afd-rechtsextreme-november-treffen/
Gerrit Huy;Arne Friedrich Mörig;Gasthof Adlon Correctiv;2;https://correctiv.org/aktuelles/neue-rechte/2024/01/10/geheimplan-remigration-vertreibung-afd-rechtsextreme-november-treffen/
Gerrit Huy;Gernot Mörig;Gasthof Adlon Correctiv;2;https://correctiv.org/aktuelles/neue-rechte/2024/01/10/geheimplan-remigration-vertreibung-afd-rechtsextreme-november-treffen/
Gerrit Huy;Tim Krause;Gasthof Adlon Correctiv;2;https://correctiv.org/aktuelles/neue-rechte/2024/01/10/geheimplan-remigration-vertreibung-afd-rechtsextreme-november-treffen/
Gerrit Huy;Astrid Mörig;Gasthof Adlon Correctiv;2;https://correctiv.org/aktuelles/neue-rechte/2024/01/10/geheimplan-remigration-vertreibung-afd-rechtsextreme-november-treffen/
Gerrit Huy;Ulrich Siegmund;Gasthof Adlon Correctiv;2;https://correctiv.org/aktuelles/neue-rechte/2024/01/10/geheimplan-remigration-vertreibung-afd-rechtsextreme-november-treffen/
Ulrich Siegmund;Ulrich Vosgerau;Gasthof Adlon Correctiv;2;https://correctiv.org/aktuelles/neue-rechte/2024/01/10/geheimplan-remigration-vertreibung-afd-rechtsextreme-november-treffen/
Ulrich Siegmund;Michaela Schneider;Gasthof Adlon Correctiv;2;https://correctiv.org/aktuelles/neue-rechte/2024/01/10/geheimplan-remigration-vertreibung-afd-rechtsextreme-november-treffen/
Ulrich Siegmund;Simone Baum;Gasthof Adlon Correctiv;2;https://correctiv.org/aktuelles/neue-rechte/2024/01/10/geheimplan-remigration-vertreibung-afd-rechtsextreme-november-treffen/
Ulrich Siegmund;Mathilda Huss;Gasthof Adlon Correctiv;2;https://correctiv.org/aktuelles/neue-rechte/2024/01/10/geheimplan-remigration-vertreibung-afd-rechtsextreme-november-treffen/
Ulrich Siegmund;Wilhelm Wilderink;Gasthof Adlon Correctiv;2;https://correctiv.org/aktuelles/neue-rechte/2024/01/10/geheimplan-remigration-vertreibung-afd-rechtsextreme-november-treffen/
Ulrich Siegmund;Mario Müller;Gasthof Adlon Correctiv;2;https://correctiv.org/aktuelles/neue-rechte/2024/01/10/geheimplan-remigration-vertreibung-afd-rechtsextreme-november-treffen/
Ulrich Siegmund;Martin Sellner;Gasthof Adlon Correctiv;2;https://correctiv.org/aktuelles/neue-rechte/2024/01/10/geheimplan-remigration-vertreibung-afd-rechtsextreme-november-treffen/
Ulrich Siegmund;Astrid Mörig;Gasthof Adlon Correctiv;2;https://correctiv.org/aktuelles/neue-rechte/2024/01/10/geheimplan-remigration-vertreibung-afd-rechtsextreme-november-treffen/
Ulrich Siegmund;Arne Friedrich Mörig;Gasthof Adlon Correctiv;2;https://correctiv.org/aktuelles/neue-rechte/2024/01/10/geheimplan-remigration-vertreibung-afd-rechtsextreme-november-treffen/
Ulrich Siegmund;Gernot Mörig;Gasthof Adlon Correctiv;2;https://correctiv.org/aktuelles/neue-rechte/2024/01/10/geheimplan-remigration-vertreibung-afd-rechtsextreme-november-treffen/
Ulrich Siegmund;Tim Krause;Gasthof Adlon Correctiv;2;https://correctiv.org/aktuelles/neue-rechte/2024/01/10/geheimplan-remigration-vertreibung-afd-rechtsextreme-november-treffen/
Tim Krause;Ulrich Vosgerau;Gasthof Adlon Correctiv;2;https://correctiv.org/aktuelles/neue-rechte/2024/01/10/geheimplan-remigration-vertreibung-afd-rechtsextreme-november-treffen/
Tim Krause;Michaela Schneider;Gasthof Adlon Correctiv;2;https://correctiv.org/aktuelles/neue-rechte/2024/01/10/geheimplan-remigration-vertreibung-afd-rechtsextreme-november-treffen/
Tim Krause;Simone Baum;Gasthof Adlon Correctiv;2;https://correctiv.org/aktuelles/neue-rechte/2024/01/10/geheimplan-remigration-vertreibung-afd-rechtsextreme-november-treffen/
Tim Krause;Mathilda Huss;Gasthof Adlon Correctiv;2;https://correctiv.org/aktuelles/neue-rechte/2024/01/10/geheimplan-remigration-vertreibung-afd-rechtsextreme-november-treffen/
Tim Krause;Wilhelm Wilderink;Gasthof Adlon Correctiv;2;https://correctiv.org/aktuelles/neue-rechte/2024/01/10/geheimplan-remigration-vertreibung-afd-rechtsextreme-november-treffen/
Tim Krause;Mario Müller;Gasthof Adlon Correctiv;2;https://correctiv.org/aktuelles/neue-rechte/2024/01/10/geheimplan-remigration-vertreibung-afd-rechtsextreme-november-treffen/
Tim Krause;Martin Sellner;Gasthof Adlon Correctiv;2;https://correctiv.org/aktuelles/neue-rechte/2024/01/10/geheimplan-remigration-vertreibung-afd-rechtsextreme-november-treffen/
Tim Krause;Astrid Mörig;Gasthof Adlon Correctiv;2;https://correctiv.org/aktuelles/neue-rechte/2024/01/10/geheimplan-remigration-vertreibung-afd-rechtsextreme-november-treffen/
Tim Krause;Arne Friedrich Mörig;Gasthof Adlon Correctiv;2;https://correctiv.org/aktuelles/neue-rechte/2024/01/10/geheimplan-remigration-vertreibung-afd-rechtsextreme-november-treffen/
Tim Krause;Gernot Mörig;Gasthof Adlon Correctiv;2;https://correctiv.org/aktuelles/neue-rechte/2024/01/10/geheimplan-remigration-vertreibung-afd-rechtsextreme-november-treffen/
Mario Müller;Ulrich Vosgerau;Gasthof Adlon Correctiv;2;https://correctiv.org/aktuelles/neue-rechte/2024/01/10/geheimplan-remigration-vertreibung-afd-rechtsextreme-november-treffen/
Mario Müller;Michaela Schneider;Gasthof Adlon Correctiv;2;https://correctiv.org/aktuelles/neue-rechte/2024/01/10/geheimplan-remigration-vertreibung-afd-rechtsextreme-november-treffen/
Mario Müller;Simone Baum;Gasthof Adlon Correctiv;2;https://correctiv.org/aktuelles/neue-rechte/2024/01/10/geheimplan-remigration-vertreibung-afd-rechtsextreme-november-treffen/
Mario Müller;Mathilda Huss;Gasthof Adlon Correctiv;2;https://correctiv.org/aktuelles/neue-rechte/2024/01/10/geheimplan-remigration-vertreibung-afd-rechtsextreme-november-treffen/
Mario Müller;Wilhelm Wilderink;Gasthof Adlon Correctiv;2;https://correctiv.org/aktuelles/neue-rechte/2024/01/10/geheimplan-remigration-vertreibung-afd-rechtsextreme-november-treffen/
Michaela Schneider;Ulrich Vosgerau;Gasthof Adlon Correctiv;2;https://correctiv.org/aktuelles/neue-rechte/2024/01/10/geheimplan-remigration-vertreibung-afd-rechtsextreme-november-treffen/
Oliver Kirchner;Jürgen Elsässer;Compact-Konferenz Frieden mit Russland;2;https://web.archive.org/web/20240122175334/https://heimatkurier.at/rechte-akteure/compact-podiumsdiskussion-mit-israels-kriegsfanatikern-gegen-die-asylflut/
Oliver Kirchner;Martin Sellner;Compact-Konferenz Frieden mit Russland;1;https://web.archive.org/web/20240122175334/https://heimatkurier.at/rechte-akteure/compact-podiumsdiskussion-mit-israels-kriegsfanatikern-gegen-die-asylflut/
Oliver Kirchner;Peter Feist;Compact-Konferenz Frieden mit Russland;2;https://web.archive.org/web/20240122175334/https://heimatkurier.at/rechte-akteure/compact-podiumsdiskussion-mit-israels-kriegsfanatikern-gegen-die-asylflut/
Peter Feist;Jürgen Elsässer;Compact-Konferenz Frieden mit Russland;3;https://web.archive.org/web/20240122175334/https://heimatkurier.at/rechte-akteure/compact-podiumsdiskussion-mit-israels-kriegsfanatikern-gegen-die-asylflut/
Peter Feist;Martin Sellner;Compact-Konferenz Frieden mit Russland;3;https://web.archive.org/web/20240122175334/https://heimatkurier.at/rechte-akteure/compact-podiumsdiskussion-mit-israels-kriegsfanatikern-gegen-die-asylflut/
Jürgen Elsässer;Martin Sellner;Compact-Konferenz Frieden mit Russland;3;https://web.archive.org/web/20240122175334/https://heimatkurier.at/rechte-akteure/compact-podiumsdiskussion-mit-israels-kriegsfanatikern-gegen-die-asylflut/
Nikolaus Kramer;Martin Sellner;"Podcast ""Kramers klare Kante""";2;https://www.youtube.com/watch?v=aWm8dsyxXjM
Hans-Christoph Berndt;Tim Krause;AfD Brandenburg;3;https://www.berliner-zeitung.de/news/brandenburger-afd-fraktion-steht-nach-rechten-treffen-zu-ihrem-sprecher-tim-krause-li.2177477
Sarah Wagenknecht;Volker Pispers;Pispers Wagenknecht Abendessen;1;https://www.faz.net/aktuell/politik/inland/volker-pispers-habe-moerig-und-wagenknecht-getroffen-19461186.html
Michael Seibold;Christiane Schmauder;Zentrum Automobil Demo am 16 Mai 2023;1;
Michael Seibold;Timm Kaufmann;Filmkunstkollektiv (rechte Propaganda Firma);3;
Michael Seibold;Annie Hunecke;Filmkunstkollektiv (rechte Propaganda Firma);3;
Michael Seibold;Paul Klemm;Filmkunstkollektiv (rechte Propaganda Firma);3;
Michael Seibold;Simon Kaupert;Filmkunstkollektiv (rechte Propaganda Firma);3;
Michael Seibold;Anton Baron;Treffen der AfD Jugend BW und der IB im Landtag;2;https://www.zvw.de/baden-w%C3%BCrttemberg/rechtsextremisten-im-landtag-identit%C3%A4ren-kader-bei-termin-mit-afd-fraktionschef_arid-658726
Michael Seibold;Dominik Asch;Treffen der AfD Jugend BW und der IB im Landtag;2;https://www.zvw.de/baden-w%C3%BCrttemberg/rechtsextremisten-im-landtag-identit%C3%A4ren-kader-bei-termin-mit-afd-fraktionschef_arid-658726
Michael Seibold;Steffen Degler;Treffen der AfD Jugend BW und der IB im Landtag;3;https://www.zvw.de/baden-w%C3%BCrttemberg/rechtsextremisten-im-landtag-identit%C3%A4ren-kader-bei-termin-mit-afd-fraktionschef_arid-658726
Michael Seibold;Matthias Helferich;Treffen der AfD Jugend BW und der IB im Landtag;2;https://www.zvw.de/baden-w%C3%BCrttemberg/rechtsextremisten-im-landtag-identit%C3%A4ren-kader-bei-termin-mit-afd-fraktionschef_arid-658726
Steffen Degler;Anton Baron;Treffen der AfD Jugend BW und der IB im Landtag;2;https://www.zvw.de/baden-w%C3%BCrttemberg/rechtsextremisten-im-landtag-identit%C3%A4ren-kader-bei-termin-mit-afd-fraktionschef_arid-658726
Udo Stein;Steffen Degler;AfD Baden-Württemberg Landtag;3;https://www.zvw.de/rems-murr-kreis/brisante-personalie-backnanger-steffen-degler-arbeitet-für-afd-mdl-udo-stein_arid-620117
Max Otte;Vera Lengsfeld;Neues Hambacher Fest 2018;1;https://de.wikipedia.org/wiki/Max_Otte#Verh%C3%A4ltnis_zur_AfD_und_Ausschluss_aus_der_CDU
Max Otte;Jörg Meuthen;Neues Hambacher Fest 2018;1;https://de.wikipedia.org/wiki/Max_Otte#Verh%C3%A4ltnis_zur_AfD_und_Ausschluss_aus_der_CDU
Max Otte;Thilo Sarrazin;Neues Hambacher Fest 2018;1;https://de.wikipedia.org/wiki/Max_Otte#Verh%C3%A4ltnis_zur_AfD_und_Ausschluss_aus_der_CDU
Thilo Sarrazin;Vera Lengsfeld;Neues Hambacher Fest 2018;1;https://de.wikipedia.org/wiki/Max_Otte#Verh%C3%A4ltnis_zur_AfD_und_Ausschluss_aus_der_CDU
Thilo Sarrazin;Jörg Meuthen;Neues Hambacher Fest 2018;1;https://de.wikipedia.org/wiki/Max_Otte#Verh%C3%A4ltnis_zur_AfD_und_Ausschluss_aus_der_CDU
Jörg Meuthen;Vera Lengsfeld;Neues Hambacher Fest 2018;1;https://de.wikipedia.org/wiki/Max_Otte#Verh%C3%A4ltnis_zur_AfD_und_Ausschluss_aus_der_CDU
Dominik Asch;Manuel Wurm;AfD Hessen;2;https://www.antifa-frankfurt.org/2023/07/05/neuer-ja-hessen-vorstand-gewaehlt/
Dominik Asch;Björn Höcke;AfD Hessen;2;https://www.antifa-frankfurt.org/2023/07/05/neuer-ja-hessen-vorstand-gewaehlt/
Dominik Asch;Steffen Degler;"Neckarwerft Podcast der ""JA BW"", Treffen der AfD Jugend BW und der IB im Landtag";2;https://www.youtube.com/watch?v=0bIYdBTu5Xo
Dominik Asch;Anton Baron;Treffen der AfD Jugend BW und der IB im Landtag;2;https://www.zvw.de/baden-w%C3%BCrttemberg/rechtsextremisten-im-landtag-identit%C3%A4ren-kader-bei-termin-mit-afd-fraktionschef_arid-658726
Wiebke Mörig;Svenja Mörig;Mörig-Clan;4;https://archive.is/20240125083651/https://www.faz.net/aktuell/politik/inland/geheimtreffen-initiator-moerig-wie-wagenknechts-bekannter-jahrelang-taeuschte-19464352.html#selection-4967.232-4967.278
Wiebke Mörig;Inka Mörig;Mörig-Clan;4;https://archive.is/20240125083651/https://www.faz.net/aktuell/politik/inland/geheimtreffen-initiator-moerig-wie-wagenknechts-bekannter-jahrelang-taeuschte-19464352.html#selection-4967.232-4967.278
Wiebke Mörig;Arne Friedrich Mörig;Mörig-Clan;4;https://archive.is/20240125083651/https://www.faz.net/aktuell/politik/inland/geheimtreffen-initiator-moerig-wie-wagenknechts-bekannter-jahrelang-taeuschte-19464352.html#selection-4967.232-4967.278
Wiebke Mörig;Astrid Mörig;Mörig-Clan;4;https://archive.is/20240125083651/https://www.faz.net/aktuell/politik/inland/geheimtreffen-initiator-moerig-wie-wagenknechts-bekannter-jahrelang-taeuschte-19464352.html#selection-4967.232-4967.278
Inka Mörig;Svenja Mörig;Mörig-Clan;4;https://archive.is/20240125083651/https://www.faz.net/aktuell/politik/inland/geheimtreffen-initiator-moerig-wie-wagenknechts-bekannter-jahrelang-taeuschte-19464352.html#selection-4967.232-4967.278
Inka Mörig;Sebastian Zeilinger;Mörig-Clan;4;https://archive.is/20240125083651/https://www.faz.net/aktuell/politik/inland/geheimtreffen-initiator-moerig-wie-wagenknechts-bekannter-jahrelang-taeuschte-19464352.html#selection-4967.232-4967.278
Svenja Mörig;Thore Stein;Mörig-Clan;4;https://archive.is/20240125083651/https://www.faz.net/aktuell/politik/inland/geheimtreffen-initiator-moerig-wie-wagenknechts-bekannter-jahrelang-taeuschte-19464352.html#selection-4967.232-4967.278
Peter Kurth;Ellen Kositza;Sommerfest auf der Terrasse;1;https://archive.is/20240125130452/https://www.spiegel.de/politik/deutschland/peter-kurth-geheimes-vernetzungstreffen-diese-rechtsextremen-waren-auf-der-party-des-ex-cdu-senators-a-392e71d3-fd60-42d6-9d62-a8a923dfae5c
Peter Kurth;Vincenzo Richter;Sommerfest auf der Terrasse;1;https://archive.is/20240125130452/https://www.spiegel.de/politik/deutschland/peter-kurth-geheimes-vernetzungstreffen-diese-rechtsextremen-waren-auf-der-party-des-ex-cdu-senators-a-392e71d3-fd60-42d6-9d62-a8a923dfae5c
Peter Kurth;Philip Stein;Sommerfest auf der Terrasse;1;https://archive.is/20240125130452/https://www.spiegel.de/politik/deutschland/peter-kurth-geheimes-vernetzungstreffen-diese-rechtsextremen-waren-auf-der-party-des-ex-cdu-senators-a-392e71d3-fd60-42d6-9d62-a8a923dfae5c
Peter Kurth;Mathilda Huss;Sommerfest auf der Terrasse;1;https://archive.is/20240125130452/https://www.spiegel.de/politik/deutschland/peter-kurth-geheimes-vernetzungstreffen-diese-rechtsextremen-waren-auf-der-party-des-ex-cdu-senators-a-392e71d3-fd60-42d6-9d62-a8a923dfae5c
Peter Kurth;Dominik Kaufner;Sommerfest auf der Terrasse;1;https://archive.is/20240125130452/https://www.spiegel.de/politik/deutschland/peter-kurth-geheimes-vernetzungstreffen-diese-rechtsextremen-waren-auf-der-party-des-ex-cdu-senators-a-392e71d3-fd60-42d6-9d62-a8a923dfae5c
Peter Kurth;Jean-Pascal Hohm;Sommerfest auf der Terrasse;1;https://archive.is/20240125130452/https://www.spiegel.de/politik/deutschland/peter-kurth-geheimes-vernetzungstreffen-diese-rechtsextremen-waren-auf-der-party-des-ex-cdu-senators-a-392e71d3-fd60-42d6-9d62-a8a923dfae5c
Peter Kurth;Matthias Helferich;Sommerfest auf der Terrasse;1;https://archive.is/20240125130452/https://www.spiegel.de/politik/deutschland/peter-kurth-geheimes-vernetzungstreffen-diese-rechtsextremen-waren-auf-der-party-des-ex-cdu-senators-a-392e71d3-fd60-42d6-9d62-a8a923dfae5c
Peter Kurth;Marvin T. Neumann;Sommerfest auf der Terrasse;1;https://archive.is/20240125130452/https://www.spiegel.de/politik/deutschland/peter-kurth-geheimes-vernetzungstreffen-diese-rechtsextremen-waren-auf-der-party-des-ex-cdu-senators-a-392e71d3-fd60-42d6-9d62-a8a923dfae5c
Peter Kurth;Mary Khan-Hohloch;Sommerfest auf der Terrasse;1;https://archive.is/20240125130452/https://www.spiegel.de/politik/deutschland/peter-kurth-geheimes-vernetzungstreffen-diese-rechtsextremen-waren-auf-der-party-des-ex-cdu-senators-a-392e71d3-fd60-42d6-9d62-a8a923dfae5c
Peter Kurth;Torben Braga;Sommerfest auf der Terrasse;1;https://archive.is/20240125130452/https://www.spiegel.de/politik/deutschland/peter-kurth-geheimes-vernetzungstreffen-diese-rechtsextremen-waren-auf-der-party-des-ex-cdu-senators-a-392e71d3-fd60-42d6-9d62-a8a923dfae5c
Peter Kurth;Kristin Brinker;Sommerfest auf der Terrasse;1;https://archive.is/20240125130452/https://www.spiegel.de/politik/deutschland/peter-kurth-geheimes-vernetzungstreffen-diese-rechtsextremen-waren-auf-der-party-des-ex-cdu-senators-a-392e71d3-fd60-42d6-9d62-a8a923dfae5c
Peter Kurth;Benedikt Kaiser;Sommerfest auf der Terrasse;1;https://archive.is/20240125130452/https://www.spiegel.de/politik/deutschland/peter-kurth-geheimes-vernetzungstreffen-diese-rechtsextremen-waren-auf-der-party-des-ex-cdu-senators-a-392e71d3-fd60-42d6-9d62-a8a923dfae5c
Peter Kurth;Maximilian Krah;Sommerfest auf der Terrasse;1;https://archive.is/20240125130452/https://www.spiegel.de/politik/deutschland/peter-kurth-geheimes-vernetzungstreffen-diese-rechtsextremen-waren-auf-der-party-des-ex-cdu-senators-a-392e71d3-fd60-42d6-9d62-a8a923dfae5c
Peter Kurth;Götz Kubitschek;Sommerfest auf der Terrasse;1;https://archive.is/20240125130452/https://www.spiegel.de/politik/deutschland/peter-kurth-geheimes-vernetzungstreffen-diese-rechtsextremen-waren-auf-der-party-des-ex-cdu-senators-a-392e71d3-fd60-42d6-9d62-a8a923dfae5c
Peter Kurth;Martin Sellner;Sommerfest auf der Terrasse;1;https://archive.is/20240125130452/https://www.spiegel.de/politik/deutschland/peter-kurth-geheimes-vernetzungstreffen-diese-rechtsextremen-waren-auf-der-party-des-ex-cdu-senators-a-392e71d3-fd60-42d6-9d62-a8a923dfae5c
Peter Kurth;Arne Friedrich Mörig;Bundesverband der Deutschen Entsorgungs- Wasser- und Kreislaufwirtschaft;3;https://archive.is/20240131175513/https://www.spiegel.de/politik/deutschland/rechtsextremist-gernot-moerig-und-seine-verbindungen-eine-schrecklich-rechte-familie-a-4f917ae1-915e-40b3-9699-d6bddbc5b6c8#selection-2267.78-2267.151
Benedikt Kaiser;Ellen Kositza;Sommerfest auf der Terrasse;1;https://archive.is/20240125130452/https://www.spiegel.de/politik/deutschland/peter-kurth-geheimes-vernetzungstreffen-diese-rechtsextremen-waren-auf-der-party-des-ex-cdu-senators-a-392e71d3-fd60-42d6-9d62-a8a923dfae5c
Benedikt Kaiser;Vincenzo Richter;Sommerfest auf der Terrasse;1;https://archive.is/20240125130452/https://www.spiegel.de/politik/deutschland/peter-kurth-geheimes-vernetzungstreffen-diese-rechtsextremen-waren-auf-der-party-des-ex-cdu-senators-a-392e71d3-fd60-42d6-9d62-a8a923dfae5c
Benedikt Kaiser;Philip Stein;Sommerfest auf der Terrasse;1;https://archive.is/20240125130452/https://www.spiegel.de/politik/deutschland/peter-kurth-geheimes-vernetzungstreffen-diese-rechtsextremen-waren-auf-der-party-des-ex-cdu-senators-a-392e71d3-fd60-42d6-9d62-a8a923dfae5c
Benedikt Kaiser;Mathilda Huss;Sommerfest auf der Terrasse;1;https://archive.is/20240125130452/https://www.spiegel.de/politik/deutschland/peter-kurth-geheimes-vernetzungstreffen-diese-rechtsextremen-waren-auf-der-party-des-ex-cdu-senators-a-392e71d3-fd60-42d6-9d62-a8a923dfae5c
Benedikt Kaiser;Dominik Kaufner;Sommerfest auf der Terrasse;1;https://archive.is/20240125130452/https://www.spiegel.de/politik/deutschland/peter-kurth-geheimes-vernetzungstreffen-diese-rechtsextremen-waren-auf-der-party-des-ex-cdu-senators-a-392e71d3-fd60-42d6-9d62-a8a923dfae5c
Benedikt Kaiser;Jean-Pascal Hohm;Sommerfest auf der Terrasse;1;https://archive.is/20240125130452/https://www.spiegel.de/politik/deutschland/peter-kurth-geheimes-vernetzungstreffen-diese-rechtsextremen-waren-auf-der-party-des-ex-cdu-senators-a-392e71d3-fd60-42d6-9d62-a8a923dfae5c
Benedikt Kaiser;Matthias Helferich;Sommerfest auf der Terrasse;1;https://archive.is/20240125130452/https://www.spiegel.de/politik/deutschland/peter-kurth-geheimes-vernetzungstreffen-diese-rechtsextremen-waren-auf-der-party-des-ex-cdu-senators-a-392e71d3-fd60-42d6-9d62-a8a923dfae5c
Benedikt Kaiser;Marvin T. Neumann;Sommerfest auf der Terrasse;1;https://archive.is/20240125130452/https://www.spiegel.de/politik/deutschland/peter-kurth-geheimes-vernetzungstreffen-diese-rechtsextremen-waren-auf-der-party-des-ex-cdu-senators-a-392e71d3-fd60-42d6-9d62-a8a923dfae5c
Benedikt Kaiser;Mary Khan-Hohloch;Sommerfest auf der Terrasse;1;https://archive.is/20240125130452/https://www.spiegel.de/politik/deutschland/peter-kurth-geheimes-vernetzungstreffen-diese-rechtsextremen-waren-auf-der-party-des-ex-cdu-senators-a-392e71d3-fd60-42d6-9d62-a8a923dfae5c
Benedikt Kaiser;Torben Braga;Sommerfest auf der Terrasse;1;https://archive.is/20240125130452/https://www.spiegel.de/politik/deutschland/peter-kurth-geheimes-vernetzungstreffen-diese-rechtsextremen-waren-auf-der-party-des-ex-cdu-senators-a-392e71d3-fd60-42d6-9d62-a8a923dfae5c
Benedikt Kaiser;Kristin Brinker;Sommerfest auf der Terrasse;1;https://archive.is/20240125130452/https://www.spiegel.de/politik/deutschland/peter-kurth-geheimes-vernetzungstreffen-diese-rechtsextremen-waren-auf-der-party-des-ex-cdu-senators-a-392e71d3-fd60-42d6-9d62-a8a923dfae5c
Benedikt Kaiser;Jürgen Pohl;AfD Bundestag;3;https://archive.is/20240125130452/https://www.spiegel.de/politik/deutschland/peter-kurth-geheimes-vernetzungstreffen-diese-rechtsextremen-waren-auf-der-party-des-ex-cdu-senators-a-392e71d3-fd60-42d6-9d62-a8a923dfae5c#selection-4710.0-4717.0
Dennis Hohloch;Mary Khan-Hohloch;Verheiratet;4;https://archive.is/20240125130452/https://www.spiegel.de/politik/deutschland/peter-kurth-geheimes-vernetzungstreffen-diese-rechtsextremen-waren-auf-der-party-des-ex-cdu-senators-a-392e71d3-fd60-42d6-9d62-a8a923dfae5c
Simon Kaupert;Hans-Thomas Tillschneider;Ein Prozent e.V;2;
Simon Kaupert;Karl Albrecht Schachtschneider;Ein Prozent e.V;2;
Simon Kaupert;Jürgen Elsässer;Ein Prozent e.V;2;
Simon Kaupert;Timm Kaufmann;Filmkunstkollektiv (rechte Propaganda Firma);3;
Simon Kaupert;Philip Stein;Ein Prozent e.V;3;
Simon Kaupert;Annie Hunecke;Filmkunstkollektiv (rechte Propaganda Firma);3;
Simon Kaupert;Paul Klemm;Filmkunstkollektiv (rechte Propaganda Firma);3;
Paul Klemm;Martin Sellner;Compact Redaktion;3;https://www.compact-online.de/author/paul-klemm/
Paul Klemm;Jürgen Elsässer;Compact Redaktion;3;
Paul Klemm;Annie Hunecke;Filmkunstkollektiv (rechte Propaganda Firma);3;
Paul Klemm;Timm Kaufmann;Filmkunstkollektiv (rechte Propaganda Firma);3;
Marvin T. Neumann;Ellen Kositza;Sommerfest auf der Terrasse;1;https://archive.is/20240125130452/https://www.spiegel.de/politik/deutschland/peter-kurth-geheimes-vernetzungstreffen-diese-rechtsextremen-waren-auf-der-party-des-ex-cdu-senators-a-392e71d3-fd60-42d6-9d62-a8a923dfae5c
Marvin T. Neumann;Vincenzo Richter;Sommerfest auf der Terrasse;1;https://archive.is/20240125130452/https://www.spiegel.de/politik/deutschland/peter-kurth-geheimes-vernetzungstreffen-diese-rechtsextremen-waren-auf-der-party-des-ex-cdu-senators-a-392e71d3-fd60-42d6-9d62-a8a923dfae5c
Marvin T. Neumann;Philip Stein;Sommerfest auf der Terrasse;1;https://archive.is/20240125130452/https://www.spiegel.de/politik/deutschland/peter-kurth-geheimes-vernetzungstreffen-diese-rechtsextremen-waren-auf-der-party-des-ex-cdu-senators-a-392e71d3-fd60-42d6-9d62-a8a923dfae5c
Marvin T. Neumann;Mathilda Huss;Sommerfest auf der Terrasse;1;https://archive.is/20240125130452/https://www.spiegel.de/politik/deutschland/peter-kurth-geheimes-vernetzungstreffen-diese-rechtsextremen-waren-auf-der-party-des-ex-cdu-senators-a-392e71d3-fd60-42d6-9d62-a8a923dfae5c
Marvin T. Neumann;Dominik Kaufner;Sommerfest auf der Terrasse;1;https://archive.is/20240125130452/https://www.spiegel.de/politik/deutschland/peter-kurth-geheimes-vernetzungstreffen-diese-rechtsextremen-waren-auf-der-party-des-ex-cdu-senators-a-392e71d3-fd60-42d6-9d62-a8a923dfae5c
Marvin T. Neumann;Jean-Pascal Hohm;Sommerfest auf der Terrasse;1;https://archive.is/20240125130452/https://www.spiegel.de/politik/deutschland/peter-kurth-geheimes-vernetzungstreffen-diese-rechtsextremen-waren-auf-der-party-des-ex-cdu-senators-a-392e71d3-fd60-42d6-9d62-a8a923dfae5c
Marvin T. Neumann;Matthias Helferich;Sommerfest auf der Terrasse;1;https://archive.is/20240125130452/https://www.spiegel.de/politik/deutschland/peter-kurth-geheimes-vernetzungstreffen-diese-rechtsextremen-waren-auf-der-party-des-ex-cdu-senators-a-392e71d3-fd60-42d6-9d62-a8a923dfae5c
Marvin T. Neumann;Hannes Gnauck;AfD Bundestag;3;
Annie Hunecke;Timm Kaufmann;Filmkunstkollektiv (rechte Propaganda Firma);3;
Maximilian Krah;Richard Williamson;Anwalt in Gerichtsprozess;2;https://www.volksverpetzer.de/analyse/rechtsextreme-netzwerk-maximilian-krah-afd/2/
Maximilian Krah;Stephen K. Bannon;USA Besuch;1;https://www.volksverpetzer.de/analyse/rechtsextreme-netzwerk-maximilian-krah-afd/2/
Maximilian Krah;Ted Cruz;USA Besuch;1;https://www.volksverpetzer.de/analyse/rechtsextreme-netzwerk-maximilian-krah-afd/2/
Maximilian Krah;Kellyanne Conway;USA Besuch;1;https://www.volksverpetzer.de/analyse/rechtsextreme-netzwerk-maximilian-krah-afd/2/
Maximilian Krah;Matteo Salvini;Rom Besuch;1;https://www.facebook.com/photo.php?fbid=10215235875870823&set=pb.1251687285.-2207520000.&type=3
Maximilian Krah;Raymond Burke;Institutum Christi Regis Summi Sacerdotis;1;https://www.volksverpetzer.de/analyse/rechtsextreme-netzwerk-maximilian-krah-afd/2/
Maximilian Krah;Ellen Kositza;Sommerfest auf der Terrasse;1;https://archive.is/20240125130452/https://www.spiegel.de/politik/deutschland/peter-kurth-geheimes-vernetzungstreffen-diese-rechtsextremen-waren-auf-der-party-des-ex-cdu-senators-a-392e71d3-fd60-42d6-9d62-a8a923dfae5c
Maximilian Krah;Vincenzo Richter;Sommerfest auf der Terrasse;1;https://archive.is/20240125130452/https://www.spiegel.de/politik/deutschland/peter-kurth-geheimes-vernetzungstreffen-diese-rechtsextremen-waren-auf-der-party-des-ex-cdu-senators-a-392e71d3-fd60-42d6-9d62-a8a923dfae5c
Maximilian Krah;Philip Stein;Sommerfest auf der Terrasse;1;https://archive.is/20240125130452/https://www.spiegel.de/politik/deutschland/peter-kurth-geheimes-vernetzungstreffen-diese-rechtsextremen-waren-auf-der-party-des-ex-cdu-senators-a-392e71d3-fd60-42d6-9d62-a8a923dfae5c
Maximilian Krah;Dominik Kaufner;Sommerfest auf der Terrasse;1;https://archive.is/20240125130452/https://www.spiegel.de/politik/deutschland/peter-kurth-geheimes-vernetzungstreffen-diese-rechtsextremen-waren-auf-der-party-des-ex-cdu-senators-a-392e71d3-fd60-42d6-9d62-a8a923dfae5c
Maximilian Krah;Jean-Pascal Hohm;Sommerfest auf der Terrasse;1;https://archive.is/20240125130452/https://www.spiegel.de/politik/deutschland/peter-kurth-geheimes-vernetzungstreffen-diese-rechtsextremen-waren-auf-der-party-des-ex-cdu-senators-a-392e71d3-fd60-42d6-9d62-a8a923dfae5c
Maximilian Krah;Matthias Helferich;Sommerfest auf der Terrasse;1;https://archive.is/20240125130452/https://www.spiegel.de/politik/deutschland/peter-kurth-geheimes-vernetzungstreffen-diese-rechtsextremen-waren-auf-der-party-des-ex-cdu-senators-a-392e71d3-fd60-42d6-9d62-a8a923dfae5c
Maximilian Krah;Marvin T. Neumann;Sommerfest auf der Terrasse;1;https://archive.is/20240125130452/https://www.spiegel.de/politik/deutschland/peter-kurth-geheimes-vernetzungstreffen-diese-rechtsextremen-waren-auf-der-party-des-ex-cdu-senators-a-392e71d3-fd60-42d6-9d62-a8a923dfae5c
Maximilian Krah;Mary Khan-Hohloch;Sommerfest auf der Terrasse;1;https://archive.is/20240125130452/https://www.spiegel.de/politik/deutschland/peter-kurth-geheimes-vernetzungstreffen-diese-rechtsextremen-waren-auf-der-party-des-ex-cdu-senators-a-392e71d3-fd60-42d6-9d62-a8a923dfae5c
Maximilian Krah;Torben Braga;Sommerfest auf der Terrasse;1;https://archive.is/20240125130452/https://www.spiegel.de/politik/deutschland/peter-kurth-geheimes-vernetzungstreffen-diese-rechtsextremen-waren-auf-der-party-des-ex-cdu-senators-a-392e71d3-fd60-42d6-9d62-a8a923dfae5c
Maximilian Krah;Kristin Brinker;Sommerfest auf der Terrasse;1;https://archive.is/20240125130452/https://www.spiegel.de/politik/deutschland/peter-kurth-geheimes-vernetzungstreffen-diese-rechtsextremen-waren-auf-der-party-des-ex-cdu-senators-a-392e71d3-fd60-42d6-9d62-a8a923dfae5c
Maximilian Krah;Benedikt Kaiser;Sommerfest auf der Terrasse;1;https://archive.is/20240125130452/https://www.spiegel.de/politik/deutschland/peter-kurth-geheimes-vernetzungstreffen-diese-rechtsextremen-waren-auf-der-party-des-ex-cdu-senators-a-392e71d3-fd60-42d6-9d62-a8a923dfae5c
Kristin Brinker;Ellen Kositza;Sommerfest auf der Terrasse;1;https://archive.is/20240125130452/https://www.spiegel.de/politik/deutschland/peter-kurth-geheimes-vernetzungstreffen-diese-rechtsextremen-waren-auf-der-party-des-ex-cdu-senators-a-392e71d3-fd60-42d6-9d62-a8a923dfae5c
Kristin Brinker;Vincenzo Richter;Sommerfest auf der Terrasse;1;https://archive.is/20240125130452/https://www.spiegel.de/politik/deutschland/peter-kurth-geheimes-vernetzungstreffen-diese-rechtsextremen-waren-auf-der-party-des-ex-cdu-senators-a-392e71d3-fd60-42d6-9d62-a8a923dfae5c
Kristin Brinker;Philip Stein;Sommerfest auf der Terrasse;1;https://archive.is/20240125130452/https://www.spiegel.de/politik/deutschland/peter-kurth-geheimes-vernetzungstreffen-diese-rechtsextremen-waren-auf-der-party-des-ex-cdu-senators-a-392e71d3-fd60-42d6-9d62-a8a923dfae5c
Kristin Brinker;Mathilda Huss;Sommerfest auf der Terrasse;1;https://archive.is/20240125130452/https://www.spiegel.de/politik/deutschland/peter-kurth-geheimes-vernetzungstreffen-diese-rechtsextremen-waren-auf-der-party-des-ex-cdu-senators-a-392e71d3-fd60-42d6-9d62-a8a923dfae5c
Kristin Brinker;Dominik Kaufner;Sommerfest auf der Terrasse;1;https://archive.is/20240125130452/https://www.spiegel.de/politik/deutschland/peter-kurth-geheimes-vernetzungstreffen-diese-rechtsextremen-waren-auf-der-party-des-ex-cdu-senators-a-392e71d3-fd60-42d6-9d62-a8a923dfae5c
Kristin Brinker;Jean-Pascal Hohm;Sommerfest auf der Terrasse;1;https://archive.is/20240125130452/https://www.spiegel.de/politik/deutschland/peter-kurth-geheimes-vernetzungstreffen-diese-rechtsextremen-waren-auf-der-party-des-ex-cdu-senators-a-392e71d3-fd60-42d6-9d62-a8a923dfae5c
Kristin Brinker;Matthias Helferich;Sommerfest auf der Terrasse;1;https://archive.is/20240125130452/https://www.spiegel.de/politik/deutschland/peter-kurth-geheimes-vernetzungstreffen-diese-rechtsextremen-waren-auf-der-party-des-ex-cdu-senators-a-392e71d3-fd60-42d6-9d62-a8a923dfae5c
Kristin Brinker;Marvin T. Neumann;Sommerfest auf der Terrasse;1;https://archive.is/20240125130452/https://www.spiegel.de/politik/deutschland/peter-kurth-geheimes-vernetzungstreffen-diese-rechtsextremen-waren-auf-der-party-des-ex-cdu-senators-a-392e71d3-fd60-42d6-9d62-a8a923dfae5c
Kristin Brinker;Mary Khan-Hohloch;Sommerfest auf der Terrasse;1;https://archive.is/20240125130452/https://www.spiegel.de/politik/deutschland/peter-kurth-geheimes-vernetzungstreffen-diese-rechtsextremen-waren-auf-der-party-des-ex-cdu-senators-a-392e71d3-fd60-42d6-9d62-a8a923dfae5c
Kristin Brinker;Torben Braga;Sommerfest auf der Terrasse;1;https://archive.is/20240125130452/https://www.spiegel.de/politik/deutschland/peter-kurth-geheimes-vernetzungstreffen-diese-rechtsextremen-waren-auf-der-party-des-ex-cdu-senators-a-392e71d3-fd60-42d6-9d62-a8a923dfae5c
Torben Braga;Ellen Kositza;Sommerfest auf der Terrasse;1;https://archive.is/20240125130452/https://www.spiegel.de/politik/deutschland/peter-kurth-geheimes-vernetzungstreffen-diese-rechtsextremen-waren-auf-der-party-des-ex-cdu-senators-a-392e71d3-fd60-42d6-9d62-a8a923dfae5c
Torben Braga;Vincenzo Richter;Sommerfest auf der Terrasse;1;https://archive.is/20240125130452/https://www.spiegel.de/politik/deutschland/peter-kurth-geheimes-vernetzungstreffen-diese-rechtsextremen-waren-auf-der-party-des-ex-cdu-senators-a-392e71d3-fd60-42d6-9d62-a8a923dfae5c
Torben Braga;Philip Stein;Sommerfest auf der Terrasse;1;https://archive.is/20240125130452/https://www.spiegel.de/politik/deutschland/peter-kurth-geheimes-vernetzungstreffen-diese-rechtsextremen-waren-auf-der-party-des-ex-cdu-senators-a-392e71d3-fd60-42d6-9d62-a8a923dfae5c
Torben Braga;Mathilda Huss;Sommerfest auf der Terrasse;1;https://archive.is/20240125130452/https://www.spiegel.de/politik/deutschland/peter-kurth-geheimes-vernetzungstreffen-diese-rechtsextremen-waren-auf-der-party-des-ex-cdu-senators-a-392e71d3-fd60-42d6-9d62-a8a923dfae5c
Torben Braga;Dominik Kaufner;Sommerfest auf der Terrasse;1;https://archive.is/20240125130452/https://www.spiegel.de/politik/deutschland/peter-kurth-geheimes-vernetzungstreffen-diese-rechtsextremen-waren-auf-der-party-des-ex-cdu-senators-a-392e71d3-fd60-42d6-9d62-a8a923dfae5c
Torben Braga;Jean-Pascal Hohm;Sommerfest auf der Terrasse;1;https://archive.is/20240125130452/https://www.spiegel.de/politik/deutschland/peter-kurth-geheimes-vernetzungstreffen-diese-rechtsextremen-waren-auf-der-party-des-ex-cdu-senators-a-392e71d3-fd60-42d6-9d62-a8a923dfae5c
Torben Braga;Matthias Helferich;Sommerfest auf der Terrasse;1;https://archive.is/20240125130452/https://www.spiegel.de/politik/deutschland/peter-kurth-geheimes-vernetzungstreffen-diese-rechtsextremen-waren-auf-der-party-des-ex-cdu-senators-a-392e71d3-fd60-42d6-9d62-a8a923dfae5c
Torben Braga;Marvin T. Neumann;Sommerfest auf der Terrasse;1;https://archive.is/20240125130452/https://www.spiegel.de/politik/deutschland/peter-kurth-geheimes-vernetzungstreffen-diese-rechtsextremen-waren-auf-der-party-des-ex-cdu-senators-a-392e71d3-fd60-42d6-9d62-a8a923dfae5c
Torben Braga;Mary Khan-Hohloch;Sommerfest auf der Terrasse;1;https://archive.is/20240125130452/https://www.spiegel.de/politik/deutschland/peter-kurth-geheimes-vernetzungstreffen-diese-rechtsextremen-waren-auf-der-party-des-ex-cdu-senators-a-392e71d3-fd60-42d6-9d62-a8a923dfae5c
Mary Khan-Hohloch;Ellen Kositza;Sommerfest auf der Terrasse;1;https://archive.is/20240125130452/https://www.spiegel.de/politik/deutschland/peter-kurth-geheimes-vernetzungstreffen-diese-rechtsextremen-waren-auf-der-party-des-ex-cdu-senators-a-392e71d3-fd60-42d6-9d62-a8a923dfae5c
Mary Khan-Hohloch;Vincenzo Richter;Sommerfest auf der Terrasse;1;https://archive.is/20240125130452/https://www.spiegel.de/politik/deutschland/peter-kurth-geheimes-vernetzungstreffen-diese-rechtsextremen-waren-auf-der-party-des-ex-cdu-senators-a-392e71d3-fd60-42d6-9d62-a8a923dfae5c
Mary Khan-Hohloch;Philip Stein;Sommerfest auf der Terrasse;1;https://archive.is/20240125130452/https://www.spiegel.de/politik/deutschland/peter-kurth-geheimes-vernetzungstreffen-diese-rechtsextremen-waren-auf-der-party-des-ex-cdu-senators-a-392e71d3-fd60-42d6-9d62-a8a923dfae5c
Mary Khan-Hohloch;Mathilda Huss;Sommerfest auf der Terrasse;1;https://archive.is/20240125130452/https://www.spiegel.de/politik/deutschland/peter-kurth-geheimes-vernetzungstreffen-diese-rechtsextremen-waren-auf-der-party-des-ex-cdu-senators-a-392e71d3-fd60-42d6-9d62-a8a923dfae5c
Mary Khan-Hohloch;Dominik Kaufner;Sommerfest auf der Terrasse;1;https://archive.is/20240125130452/https://www.spiegel.de/politik/deutschland/peter-kurth-geheimes-vernetzungstreffen-diese-rechtsextremen-waren-auf-der-party-des-ex-cdu-senators-a-392e71d3-fd60-42d6-9d62-a8a923dfae5c
Mary Khan-Hohloch;Jean-Pascal Hohm;Sommerfest auf der Terrasse;1;https://archive.is/20240125130452/https://www.spiegel.de/politik/deutschland/peter-kurth-geheimes-vernetzungstreffen-diese-rechtsextremen-waren-auf-der-party-des-ex-cdu-senators-a-392e71d3-fd60-42d6-9d62-a8a923dfae5c
Mary Khan-Hohloch;Matthias Helferich;Sommerfest auf der Terrasse;1;https://archive.is/20240125130452/https://www.spiegel.de/politik/deutschland/peter-kurth-geheimes-vernetzungstreffen-diese-rechtsextremen-waren-auf-der-party-des-ex-cdu-senators-a-392e71d3-fd60-42d6-9d62-a8a923dfae5c
Mary Khan-Hohloch;Marvin T. Neumann;Sommerfest auf der Terrasse;1;https://archive.is/20240125130452/https://www.spiegel.de/politik/deutschland/peter-kurth-geheimes-vernetzungstreffen-diese-rechtsextremen-waren-auf-der-party-des-ex-cdu-senators-a-392e71d3-fd60-42d6-9d62-a8a923dfae5c
Jean-Pascal Hohm;Ellen Kositza;Sommerfest auf der Terrasse;1;https://archive.is/20240125130452/https://www.spiegel.de/politik/deutschland/peter-kurth-geheimes-vernetzungstreffen-diese-rechtsextremen-waren-auf-der-party-des-ex-cdu-senators-a-392e71d3-fd60-42d6-9d62-a8a923dfae5c
Jean-Pascal Hohm;Vincenzo Richter;Sommerfest auf der Terrasse;1;https://archive.is/20240125130452/https://www.spiegel.de/politik/deutschland/peter-kurth-geheimes-vernetzungstreffen-diese-rechtsextremen-waren-auf-der-party-des-ex-cdu-senators-a-392e71d3-fd60-42d6-9d62-a8a923dfae5c
Jean-Pascal Hohm;Philip Stein;Sommerfest auf der Terrasse;1;https://archive.is/20240125130452/https://www.spiegel.de/politik/deutschland/peter-kurth-geheimes-vernetzungstreffen-diese-rechtsextremen-waren-auf-der-party-des-ex-cdu-senators-a-392e71d3-fd60-42d6-9d62-a8a923dfae5c
Jean-Pascal Hohm;Mathilda Huss;Sommerfest auf der Terrasse;1;https://archive.is/20240125130452/https://www.spiegel.de/politik/deutschland/peter-kurth-geheimes-vernetzungstreffen-diese-rechtsextremen-waren-auf-der-party-des-ex-cdu-senators-a-392e71d3-fd60-42d6-9d62-a8a923dfae5c
Jean-Pascal Hohm;Dominik Kaufner;Sommerfest auf der Terrasse;1;https://archive.is/20240125130452/https://www.spiegel.de/politik/deutschland/peter-kurth-geheimes-vernetzungstreffen-diese-rechtsextremen-waren-auf-der-party-des-ex-cdu-senators-a-392e71d3-fd60-42d6-9d62-a8a923dfae5c
Dominik Kaufner;Ellen Kositza;Sommerfest auf der Terrasse;1;https://archive.is/20240125130452/https://www.spiegel.de/politik/deutschland/peter-kurth-geheimes-vernetzungstreffen-diese-rechtsextremen-waren-auf-der-party-des-ex-cdu-senators-a-392e71d3-fd60-42d6-9d62-a8a923dfae5c
Dominik Kaufner;Vincenzo Richter;Sommerfest auf der Terrasse;1;https://archive.is/20240125130452/https://www.spiegel.de/politik/deutschland/peter-kurth-geheimes-vernetzungstreffen-diese-rechtsextremen-waren-auf-der-party-des-ex-cdu-senators-a-392e71d3-fd60-42d6-9d62-a8a923dfae5c
Dominik Kaufner;Philip Stein;Sommerfest auf der Terrasse;1;https://archive.is/20240125130452/https://www.spiegel.de/politik/deutschland/peter-kurth-geheimes-vernetzungstreffen-diese-rechtsextremen-waren-auf-der-party-des-ex-cdu-senators-a-392e71d3-fd60-42d6-9d62-a8a923dfae5c
Dominik Kaufner;Mathilda Huss;Sommerfest auf der Terrasse;1;https://archive.is/20240125130452/https://www.spiegel.de/politik/deutschland/peter-kurth-geheimes-vernetzungstreffen-diese-rechtsextremen-waren-auf-der-party-des-ex-cdu-senators-a-392e71d3-fd60-42d6-9d62-a8a923dfae5c
Vincenzo Richter;Ellen Kositza;Sommerfest auf der Terrasse;1;https://archive.is/20240125130452/https://www.spiegel.de/politik/deutschland/peter-kurth-geheimes-vernetzungstreffen-diese-rechtsextremen-waren-auf-der-party-des-ex-cdu-senators-a-392e71d3-fd60-42d6-9d62-a8a923dfae5c
Philip Stein;Ellen Kositza;Sommerfest auf der Terrasse;1;https://archive.is/20240125130452/https://www.spiegel.de/politik/deutschland/peter-kurth-geheimes-vernetzungstreffen-diese-rechtsextremen-waren-auf-der-party-des-ex-cdu-senators-a-392e71d3-fd60-42d6-9d62-a8a923dfae5c
Philip Stein;Vincenzo Richter;Sommerfest auf der Terrasse;1;https://archive.is/20240125130452/https://www.spiegel.de/politik/deutschland/peter-kurth-geheimes-vernetzungstreffen-diese-rechtsextremen-waren-auf-der-party-des-ex-cdu-senators-a-392e71d3-fd60-42d6-9d62-a8a923dfae5c
Michael Stecher;Michael Lindner;Zentrum Automobil Demo am 16 Mai 2023;3;
Michael Stecher;Michael Seibold;Zentrum Automobil Demo am 16 Mai 2023;1;
Michael Stecher;Christiane Schmauder;Zentrum Automobil Demo am 16 Mai 2023;3;
Michael Lindner;Christiane Schmauder;Zentrum Automobil Demo am 16 Mai 2023;3;
Michael Lindner;Michael Seibold;Zentrum Automobil Demo am 16 Mai 2023;1;
Hans-Thomas Tillschneider;Karl Albrecht Schachtschneider;Ein Prozent e.V;3;
Hans-Thomas Tillschneider;Philip Stein;Ein Prozent e.V;3;
Hans-Thomas Tillschneider;Jürgen Elsässer;Ein Prozent e.V;3;
Karl Albrecht Schachtschneider;Philip Stein;Ein Prozent e.V;3;
Karl Albrecht Schachtschneider;Jürgen Elsässer;Ein Prozent e.V;3;
Wiebke Nahrath;Wolfram Nahrath;Nahrath-Clan;4;https://lsa-rechtsaussen.net/tag/kaupert-simon/
Wiebke Nahrath;Simon Kaupert;Verheiratet;4;
Wolfram Nahrath;Simon Kaupert;Nahrath-Clan;4;https://lsa-rechtsaussen.net/tag/kaupert-simon/
Thassilo Hantusch;Simon Kaupert;Pfingstlager der JN in Lützellinden (Hessen) 2015;2;https://lsa-rechtsaussen.net/tag/kaupert-simon/
Andreas Kalbitz;Björn Höcke;AfD Brandenburg, Flügel;3;https://de.wikipedia.org/wiki/Andreas_Kalbitz
Andreas Kalbitz;Wolfram Nahrath;Heimattreue deutsche Jugend;2;https://de.wikipedia.org/wiki/Andreas_Kalbitz
Simone Baum;Ulrich Vosgerau;Gasthof Adlon Correctiv;2;https://correctiv.org/aktuelles/neue-rechte/2024/01/10/geheimplan-remigration-vertreibung-afd-rechtsextreme-november-treffen/
Simone Baum;Michaela Schneider;Gasthof Adlon Correctiv;2;https://correctiv.org/aktuelles/neue-rechte/2024/01/10/geheimplan-remigration-vertreibung-afd-rechtsextreme-november-treffen/
Martin Reichardt;Maximilian Krah;Deutschland Kurier Frühlingsfest Gasthof Adlon;1;https://archive.is/20240219002848/https://www.zeit.de/politik/deutschland/2024-01/hans-georg-maassen-afd-treffen-werteunion-maximilian-krah/seite-2
